controller,scenario,seed,scenario_seed,day_id,ramp95_kw_per_min,cap_violation_pct_import,cap_violation_pct_export,cap_violation_pct_total,resilience_score,soc_band_residency,throughput_kwh,efc,lfp_cycle_loss_pct,t_high_soc_h,t_low_soc_h,ceq_q95,t_high_c_h,efcrf,idod,n_micro,flip_per_hour,flip_per_day,mean_cpu_ms,max_cpu_ms,rainflow_hist,reference_type,weight_label
Proposed,cloud_edge,0,cloud_edge_seed0,0,9.085729598260176,0.0,0.0,0.0,100.0,1.0,1.0375289888674386,0.0051876449443371934,0.0001365405077312867,0.0,0.0,0.0,0.0,0.009780389129892403,6.379859141711029e-05,9.0,1.5,36.0,0.14287569514029505,0.7977000204846263,"{'[0.0,0.1)': 9.0, '[0.1,0.2)': 0.0, '[0.2,0.4)': 0.0, '[0.4,0.6)': 0.0, '[0.6,1.0)': 0.0}",,
Proposed,cloud_edge,1,cloud_edge_seed1,0,9.564911330885439,0.0,0.0,0.0,100.0,1.0,0.35406688883528536,0.001770334444176427,3.779593397271274e-05,0.0,0.0,0.0,0.0,0.0027304267219309952,6.2222439067114926e-06,4.0,0.6666666666666666,16.0,0.14459361090201936,0.741700001526624,"{'[0.0,0.1)': 4.0, '[0.1,0.2)': 0.0, '[0.2,0.4)': 0.0, '[0.4,0.6)': 0.0, '[0.6,1.0)': 0.0}",,
Proposed,cloud_edge,2,cloud_edge_seed2,0,9.67644330357038,0.0,0.0,0.0,100.0,1.0,9.133685042624014,0.04566842521312007,0.0010081860558212594,0.0,0.0,0.024028533345148446,0.0,0.06686928956145666,0.004600474600241398,15.0,2.5833333333333335,62.0,0.13713291627936997,0.5516000092029572,"{'[0.0,0.1)': 15.5, '[0.1,0.2)': 0.0, '[0.2,0.4)': 0.0, '[0.4,0.6)': 0.0, '[0.6,1.0)': 0.0}",,
Proposed,cloud_edge,3,cloud_edge_seed3,0,8.80973921497303,0.0,0.0,0.0,100.0,1.0,11.903147554141169,0.059515737770705845,0.0013241683370154521,0.0,0.0,0.03690342602708193,0.0,0.08441855762237924,0.0029724578848183956,21.0,3.6666666666666665,88.0,0.14572354302799795,14.370999997481704,"{'[0.0,0.1)': 22.0, '[0.1,0.2)': 0.0, '[0.2,0.4)': 0.0, '[0.4,0.6)': 0.0, '[0.6,1.0)': 0.0}",,
Proposed,cloud_edge,4,cloud_edge_seed4,0,9.191746604595057,0.0,0.0,0.0,100.0,1.0,1.7790011005951902,0.008895005502975952,0.00021714355974585892,0.0,0.0,0.0,0.0,0.015394514034396178,0.00017042276257724459,6.0,1.0,24.0,0.13346513854533745,0.3507999936118722,"{'[0.0,0.1)': 6.0, '[0.1,0.2)': 0.0, '[0.2,0.4)': 0.0, '[0.4,0.6)': 0.0, '[0.6,1.0)': 0.0}",,
Proposed,load_step,0,load_step_seed0,0,8.864685523530046,0.0,0.0,0.0,100.0,1.0,15.85286834911726,0.0792643417455863,0.0017517710950519046,0.0,0.0,0.05557289323157968,0.0,0.10698183319061075,0.007477158614747633,24.5,4.208333333333333,101.0,0.1327654869075761,0.4683000151999295,"{'[0.0,0.1)': 25.0, '[0.1,0.2)': 0.5, '[0.2,0.4)': 0.0, '[0.4,0.6)': 0.0, '[0.6,1.0)': 0.0}",,
Proposed,load_step,1,load_step_seed1,0,9.318418968303074,0.0,0.0,0.0,100.0,1.0,16.291961935194156,0.08145980967597077,0.0016624215333383965,0.0,0.0,0.05486756890494868,0.0,0.10294619126127,0.0050793177342783845,28.0,4.708333333333333,113.0,0.13509979168399391,0.6469000363722444,"{'[0.0,0.1)': 29.0, '[0.1,0.2)': 0.0, '[0.2,0.4)': 0.0, '[0.4,0.6)': 0.0, '[0.6,1.0)': 0.0}",,
Proposed,load_step,2,load_step_seed2,0,9.33457254332668,0.0,0.0,0.0,100.0,1.0,14.993811075682908,0.07496905537841454,0.0017858859420842954,0.0,0.0,0.05058327658210225,0.0,0.1114983632289119,0.0054080345161873055,21.0,3.7916666666666665,91.0,0.13501388902012776,0.6111999973654747,"{'[0.0,0.1)': 22.5, '[0.1,0.2)': 0.0, '[0.2,0.4)': 0.0, '[0.4,0.6)': 0.0, '[0.6,1.0)': 0.0}",,
Proposed,load_step,3,load_step_seed3,0,9.194362786005591,0.0,0.0,0.0,100.0,1.0,5.875743638877409,0.029378718194387043,0.0006371879886135209,0.0,0.0,0.0,0.0,0.043146137206695384,0.0019039188662596234,11.5,2.0,48.0,0.1342578469322891,0.6065000197850168,"{'[0.0,0.1)': 12.0, '[0.1,0.2)': 0.0, '[0.2,0.4)': 0.0, '[0.4,0.6)': 0.0, '[0.6,1.0)': 0.0}",,
Proposed,load_step,4,load_step_seed4,0,8.919703897970805,0.0,0.0,0.0,100.0,1.0,4.536504501789038,0.022682522508945188,0.0005616597303428626,0.0,0.0,0.006766010927068406,0.0,0.038572716977722354,0.0012200257759945445,10.0,1.75,42.0,0.13699840298310542,0.4873000434599817,"{'[0.0,0.1)': 10.5, '[0.1,0.2)': 0.0, '[0.2,0.4)': 0.0, '[0.4,0.6)': 0.0, '[0.6,1.0)': 0.0}",,
Proposed,mixed,0,mixed_seed0,0,9.100503556094646,0.0,0.0,0.0,100.0,1.0,3.30862980467354,0.0165431490233677,0.000296875079374453,0.0,0.0,0.0,0.0,0.020778216741749733,0.0005332862085363287,9.0,1.5833333333333333,38.0,0.14250138823020583,3.499799990095198,"{'[0.0,0.1)': 9.5, '[0.1,0.2)': 0.0, '[0.2,0.4)': 0.0, '[0.4,0.6)': 0.0, '[0.6,1.0)': 0.0}",,
Proposed,mixed,1,mixed_seed1,0,9.543129986508935,0.0,0.0,0.0,100.0,1.0,0.25326919884435545,0.0012663459942217773,2.1608199308447432e-05,0.0,0.0,0.0,0.0,0.0015620656926969845,2.6809783762616626e-06,2.5,0.4166666666666667,10.0,0.137089028349793,0.5827999557368457,"{'[0.0,0.1)': 2.5, '[0.1,0.2)': 0.0, '[0.2,0.4)': 0.0, '[0.4,0.6)': 0.0, '[0.6,1.0)': 0.0}",,
Proposed,mixed,2,mixed_seed2,0,9.600648431797474,0.0,0.0,0.0,100.0,1.0,8.87137094237811,0.044356854711890555,0.001009861227476089,0.0,0.0,0.02226785821191978,0.0,0.06718012534208243,0.0027246127912426447,13.5,2.5,60.0,0.14655090320350914,1.9377999706193805,"{'[0.0,0.1)': 15.0, '[0.1,0.2)': 0.0, '[0.2,0.4)': 0.0, '[0.4,0.6)': 0.0, '[0.6,1.0)': 0.0}",,
Proposed,mixed,3,mixed_seed3,0,8.534535909723099,0.0,0.0,0.0,100.0,1.0,7.502265692910124,0.037511328464550624,0.0008913844337123504,0.0,0.0,0.015914943678626225,0.0,0.05890929048876081,0.0028172830063813324,17.0,2.9166666666666665,70.0,0.14335784702173746,2.0551999914459884,"{'[0.0,0.1)': 17.5, '[0.1,0.2)': 0.0, '[0.2,0.4)': 0.0, '[0.4,0.6)': 0.0, '[0.6,1.0)': 0.0}",,
Proposed,mixed,4,mixed_seed4,0,9.169357829498148,0.0,0.0,0.0,100.0,1.0,0.9606101863736258,0.004803050931868129,0.00011080673715017865,0.0,0.0,0.0,0.0,0.007945615388719796,4.1680894893643625e-05,8.5,1.4166666666666667,34.0,0.14265083377217203,4.0899000014178455,"{'[0.0,0.1)': 8.5, '[0.1,0.2)': 0.0, '[0.2,0.4)': 0.0, '[0.4,0.6)': 0.0, '[0.6,1.0)': 0.0}",,
Proposed,wind_gust,0,wind_gust_seed0,0,9.34626836135016,0.0,0.0,0.0,100.0,1.0,0.6548506643823253,0.0032742533219116267,4.848892743606997e-05,0.0,0.0,0.0,0.0,0.0034878278191369516,1.008492345037761e-05,3.0,0.5,12.0,0.1341896532216601,0.4102999810129404,"{'[0.0,0.1)': 3.0, '[0.1,0.2)': 0.0, '[0.2,0.4)': 0.0, '[0.4,0.6)': 0.0, '[0.6,1.0)': 0.0}",,
Proposed,wind_gust,1,wind_gust_seed1,0,9.761570834547495,0.0,0.0,0.0,100.0,1.0,0.09532166599659148,0.00047660832998295736,6.92912514219656e-06,0.0,0.0,0.0,0.0,0.0005016929789294355,5.033916902141821e-07,0.5,0.08333333333333333,2.0,0.1346708334393851,0.5459999665617943,"{'[0.0,0.1)': 0.5, '[0.1,0.2)': 0.0, '[0.2,0.4)': 0.0, '[0.4,0.6)': 0.0, '[0.6,1.0)': 0.0}",,
Proposed,wind_gust,2,wind_gust_seed2,0,10.279614354717006,0.0,0.0,0.0,100.0,1.0,7.924127835394265,0.039620639176971326,0.0006805525413789679,0.0,0.0,0.014058921770867316,0.0,0.045175759557563394,0.000986929128857121,10.5,2.0,48.0,0.18582256917498954,76.01649995194748,"{'[0.0,0.1)': 12.0, '[0.1,0.2)': 0.0, '[0.2,0.4)': 0.0, '[0.4,0.6)': 0.0, '[0.6,1.0)': 0.0}",,
Proposed,wind_gust,3,wind_gust_seed3,0,9.587776442499033,0.0,0.0,0.0,100.0,1.0,5.380811179129973,0.026904055895649863,0.0006162127096191617,0.0,0.0,0.003557979136370754,0.0,0.041887530048649535,0.0016016907294292555,11.5,2.0,48.0,0.13356062611112268,0.6226000259630382,"{'[0.0,0.1)': 12.0, '[0.1,0.2)': 0.0, '[0.2,0.4)': 0.0, '[0.4,0.6)': 0.0, '[0.6,1.0)': 0.0}",,
Proposed,wind_gust,4,wind_gust_seed4,0,10.175015157207126,0.0,0.0,0.0,100.0,1.0,0.8115336629724776,0.004057668314862388,6.698667853879549e-05,0.0,0.0,0.0,0.0,0.004809736229387129,1.3320695151447898e-05,3.5,0.5833333333333334,14.0,0.13229236097282004,0.4358000005595386,"{'[0.0,0.1)': 3.5, '[0.1,0.2)': 0.0, '[0.2,0.4)': 0.0, '[0.4,0.6)': 0.0, '[0.6,1.0)': 0.0}",,
NC,cloud_edge,0,cloud_edge_seed0,0,9.322520855179956,1.5277777777777777,0.0,1.5277777777777777,100.0,1.0,0.0,0.0,0.0,0.0,0.0,0.0,0.0,0.0,0.0,0.0,0.0,0.0,0.0017412512534065172,0.04870002157986164,{},,
NC,cloud_edge,1,cloud_edge_seed1,0,9.612331276063472,0.7638888888888888,0.0,0.7638888888888888,100.0,1.0,0.0,0.0,0.0,0.0,0.0,0.0,0.0,0.0,0.0,0.0,0.0,0.0,0.0016885430037897702,0.06290001329034567,{},,
NC,cloud_edge,2,cloud_edge_seed2,0,9.751560210821177,7.361111111111112,0.0,7.361111111111112,100.0,1.0,0.0,0.0,0.0,0.0,0.0,0.0,0.0,0.0,0.0,0.0,0.0,0.0,0.001805139214007391,0.03929995000362396,{},,
NC,cloud_edge,3,cloud_edge_seed3,0,9.2666524785061,9.583333333333334,0.0,9.583333333333334,100.0,1.0,0.0,0.0,0.0,0.0,0.0,0.0,0.0,0.0,0.0,0.0,0.0,0.0,0.0016740269428636464,0.05010003224015236,{},,
NC,cloud_edge,4,cloud_edge_seed4,0,9.380377362331384,1.6666666666666667,0.0,1.6666666666666667,100.0,1.0,0.0,0.0,0.0,0.0,0.0,0.0,0.0,0.0,0.0,0.0,0.0,0.0,0.0016316665197438044,0.01209997572004795,{},,
NC,load_step,0,load_step_seed0,0,9.198979026927862,11.38888888888889,0.0,11.38888888888889,100.0,1.0,0.0,0.0,0.0,0.0,0.0,0.0,0.0,0.0,0.0,0.0,0.0,0.0,0.0016502086913937496,0.020200037397444248,{},,
NC,load_step,1,load_step_seed1,0,9.739839751242451,12.222222222222221,0.0,12.222222222222221,100.0,1.0,0.0,0.0,0.0,0.0,0.0,0.0,0.0,0.0,0.0,0.0,0.0,0.0,0.0017755552916140812,0.036999990697950125,{},,
NC,load_step,2,load_step_seed2,0,9.904963529845642,12.083333333333334,0.0,12.083333333333334,100.0,1.0,0.0,0.0,0.0,0.0,0.0,0.0,0.0,0.0,0.0,0.0,0.0,0.0,0.0016672926398718522,0.011100026313215494,{},,
NC,load_step,3,load_step_seed3,0,9.359395300056462,4.097222222222222,0.0,4.097222222222222,100.0,1.0,0.0,0.0,0.0,0.0,0.0,0.0,0.0,0.0,0.0,0.0,0.0,0.0,0.0017127088035017045,0.05069997860118747,{},,
NC,load_step,4,load_step_seed4,0,9.211026355124565,4.930555555555555,0.0,4.930555555555555,100.0,1.0,0.0,0.0,0.0,0.0,0.0,0.0,0.0,0.0,0.0,0.0,0.0,0.0,0.0016576403140788898,0.00990001717582345,{},,
NC,mixed,0,mixed_seed0,0,9.166685925775935,3.125,0.0,3.125,100.0,1.0,0.0,0.0,0.0,0.0,0.0,0.0,0.0,0.0,0.0,0.0,0.0,0.0,0.0016787496861070395,0.02629996743053198,{},,
NC,mixed,1,mixed_seed1,0,9.549950758563314,0.3472222222222222,0.0,0.3472222222222222,100.0,1.0,0.0,0.0,0.0,0.0,0.0,0.0,0.0,0.0,0.0,0.0,0.0,0.0,0.0015588889558178682,0.008000002708286047,{},,
NC,mixed,2,mixed_seed2,0,9.762462763025546,7.5,0.0,7.5,100.0,1.0,0.0,0.0,0.0,0.0,0.0,0.0,0.0,0.0,0.0,0.0,0.0,0.0,0.0017353466116926735,0.06639998173341155,{},,
NC,mixed,3,mixed_seed3,0,8.654488539843097,7.291666666666667,0.0,7.291666666666667,100.0,1.0,0.0,0.0,0.0,0.0,0.0,0.0,0.0,0.0,0.0,0.0,0.0,0.0,0.0015746525200989305,0.005999987479299307,{},,
NC,mixed,4,mixed_seed4,0,9.263414199221726,1.597222222222222,0.0,1.597222222222222,100.0,1.0,0.0,0.0,0.0,0.0,0.0,0.0,0.0,0.0,0.0,0.0,0.0,0.0,0.0016445826380125557,0.024699955247342587,{},,
NC,wind_gust,0,wind_gust_seed0,0,9.617013250276893,0.625,0.0,0.625,100.0,1.0,0.0,0.0,0.0,0.0,0.0,0.0,0.0,0.0,0.0,0.0,0.0,0.0,0.0017909023477437182,0.07599999662488699,{},,
NC,wind_gust,1,wind_gust_seed1,0,9.761570834547495,0.1388888888888889,0.0,0.1388888888888889,100.0,1.0,0.0,0.0,0.0,0.0,0.0,0.0,0.0,0.0,0.0,0.0,0.0,0.0,0.0017015275969040683,0.04600000102072954,{},,
NC,wind_gust,2,wind_gust_seed2,0,10.494537170081427,6.111111111111111,0.0,6.111111111111111,100.0,1.0,0.0,0.0,0.0,0.0,0.0,0.0,0.0,0.0,0.0,0.0,0.0,0.0,0.0017036114715867573,0.03840000135824084,{},,
NC,wind_gust,3,wind_gust_seed3,0,9.723603723649248,4.930555555555555,0.0,4.930555555555555,100.0,1.0,0.0,0.0,0.0,0.0,0.0,0.0,0.0,0.0,0.0,0.0,0.0,0.0,0.0017921525189497818,0.04770001396536827,{},,
NC,wind_gust,4,wind_gust_seed4,0,10.175015157207126,1.1111111111111112,0.0,1.1111111111111112,100.0,1.0,0.0,0.0,0.0,0.0,0.0,0.0,0.0,0.0,0.0,0.0,0.0,0.0,0.001706597888389499,0.05989999044686556,{},,
GR,cloud_edge,0,cloud_edge_seed0,0,9.085729598260176,0.0,0.0,0.0,100.0,1.0,0.7566505591770575,0.0037832527958852873,9.516667370078432e-05,0.0,0.0,0.0,0.0,0.006839640652115342,3.32743214446877e-05,9.0,1.5,36.0,0.010413403368955996,0.13409997336566448,"{'[0.0,0.1)': 9.0, '[0.1,0.2)': 0.0, '[0.2,0.4)': 0.0, '[0.4,0.6)': 0.0, '[0.6,1.0)': 0.0}",,
GR,cloud_edge,1,cloud_edge_seed1,0,9.581447520389359,0.0,0.0,0.0,100.0,1.0,0.3181950371468788,0.001590975185734394,3.315112174775475e-05,0.0,0.0,0.0,0.0,0.002395712903081104,5.357143395284481e-06,4.0,0.6666666666666666,16.0,0.010471734155241089,0.3848000196740031,"{'[0.0,0.1)': 4.0, '[0.1,0.2)': 0.0, '[0.2,0.4)': 0.0, '[0.4,0.6)': 0.0, '[0.6,1.0)': 0.0}",,
GR,cloud_edge,2,cloud_edge_seed2,0,9.67644330357038,0.0,0.0,0.0,100.0,1.0,8.674454733470421,0.04337227366735211,0.0008755549589376545,0.0,0.0,0.021739211760711502,0.0,0.05798050996486656,0.002085919840526093,15.0,2.6666666666666665,64.0,0.010364860443385422,0.27269998099654913,"{'[0.0,0.1)': 16.0, '[0.1,0.2)': 0.0, '[0.2,0.4)': 0.0, '[0.4,0.6)': 0.0, '[0.6,1.0)': 0.0}",,
GR,cloud_edge,3,cloud_edge_seed3,0,8.785161490982878,0.0,0.0,0.0,100.0,1.0,11.279787965888751,0.05639893982944375,0.0011555422860267672,0.0,0.0,0.034190634352800585,0.0,0.0733083393211377,0.00592533746345906,23.0,3.9166666666666665,94.0,0.010692151368453374,0.25099999038502574,"{'[0.0,0.1)': 23.0, '[0.1,0.2)': 0.5, '[0.2,0.4)': 0.0, '[0.4,0.6)': 0.0, '[0.6,1.0)': 0.0}",,
GR,cloud_edge,4,cloud_edge_seed4,0,9.191746604595057,0.0,0.0,0.0,100.0,1.0,1.3216115242406634,0.006608057621203317,0.00013250514871756595,0.0,0.0,0.0,0.0,0.009452647308033413,7.235111397433497e-05,6.5,1.0833333333333333,26.0,0.010032987403165963,0.14259997988119721,"{'[0.0,0.1)': 6.5, '[0.1,0.2)': 0.0, '[0.2,0.4)': 0.0, '[0.4,0.6)': 0.0, '[0.6,1.0)': 0.0}",,
GR,load_step,0,load_step_seed0,0,8.843146365091,0.0,0.0,0.0,100.0,1.0,14.92479311338761,0.07462396556693805,0.001686663257424373,0.0,0.0,0.05331976093501053,0.0,0.1036387279638851,0.007978808777637923,24.0,4.166666666666667,100.0,0.010081249032130776,0.08259998867288232,"{'[0.0,0.1)': 24.5, '[0.1,0.2)': 0.5, '[0.2,0.4)': 0.0, '[0.4,0.6)': 0.0, '[0.6,1.0)': 0.0}",,
GR,load_step,1,load_step_seed1,0,9.278601253909471,0.0,0.0,0.0,100.0,1.0,14.795497573606845,0.07397748786803422,0.0017041082442416239,0.0,0.0,0.0543522459750383,0.0,0.10573502073608029,0.004944992822286985,23.0,4.0,96.0,0.010259165355819277,0.09869999485090375,"{'[0.0,0.1)': 24.0, '[0.1,0.2)': 0.0, '[0.2,0.4)': 0.0, '[0.4,0.6)': 0.0, '[0.6,1.0)': 0.0}",,
GR,load_step,2,load_step_seed2,0,9.33457254332668,0.0,0.0,0.0,100.0,1.0,14.191929678250062,0.07095964839125031,0.0019337085048100981,0.0,0.0,0.04941463948406819,0.0,0.12080372882057536,0.009073391203370043,23.5,4.25,102.0,0.01019604290680339,0.11080002877861261,"{'[0.0,0.1)': 25.0, '[0.1,0.2)': 0.5, '[0.2,0.4)': 0.0, '[0.4,0.6)': 0.0, '[0.6,1.0)': 0.0}",,
GR,load_step,3,load_step_seed3,0,9.221001748107483,0.0,0.0,0.0,100.0,1.0,5.504692551090355,0.027523462755451776,0.0005502398774279378,0.0,0.0,0.0,0.0,0.037539048938982716,0.0012368877445450572,13.0,2.25,54.0,0.010348889150514474,0.06749999010935426,"{'[0.0,0.1)': 13.5, '[0.1,0.2)': 0.0, '[0.2,0.4)': 0.0, '[0.4,0.6)': 0.0, '[0.6,1.0)': 0.0}",,
GR,load_step,4,load_step_seed4,0,8.919703897970805,0.0,0.0,0.0,100.0,1.0,4.140803316637291,0.020704016583186453,0.0004320626867027121,0.0,0.0,0.0,0.0,0.02988626186055518,0.0006893452320894736,12.5,2.1666666666666665,52.0,0.010519374417425651,0.4010999691672623,"{'[0.0,0.1)': 13.0, '[0.1,0.2)': 0.0, '[0.2,0.4)': 0.0, '[0.4,0.6)': 0.0, '[0.6,1.0)': 0.0}",,
GR,mixed,0,mixed_seed0,0,9.100503556094646,0.0,0.0,0.0,100.0,1.0,2.9848855812248085,0.014924427906124043,0.00027605674750395717,0.0,0.0,0.0,0.0,0.019402818068622818,0.00044894676131309767,10.0,1.75,42.0,0.011024095955589373,0.3895999980159104,"{'[0.0,0.1)': 10.5, '[0.1,0.2)': 0.0, '[0.2,0.4)': 0.0, '[0.4,0.6)': 0.0, '[0.6,1.0)': 0.0}",,
GR,mixed,1,mixed_seed1,0,9.543129986508935,0.0,0.0,0.0,100.0,1.0,0.14279950843861458,0.000713997542193073,1.3664076602020635e-05,0.0,0.0,0.0,0.0,0.0009891004586234375,7.982673749524533e-07,2.5,0.4166666666666667,10.0,0.010452083248916702,0.15119998715817928,"{'[0.0,0.1)': 2.5, '[0.1,0.2)': 0.0, '[0.2,0.4)': 0.0, '[0.4,0.6)': 0.0, '[0.6,1.0)': 0.0}",,
GR,mixed,2,mixed_seed2,0,9.600648431797474,0.0,0.0,0.0,100.0,1.0,8.463075334523884,0.04231537667261942,0.0009810581369969343,0.0,0.0,0.020523586834018653,0.0,0.06583455532569382,0.002403676320124005,17.5,3.0,72.0,0.010781040408700291,0.12989999959245324,"{'[0.0,0.1)': 18.0, '[0.1,0.2)': 0.0, '[0.2,0.4)': 0.0, '[0.4,0.6)': 0.0, '[0.6,1.0)': 0.0}",,
GR,mixed,3,mixed_seed3,0,8.534535909723099,0.0,0.0,0.0,100.0,1.0,7.188563989636661,0.035942819948183304,0.0007806740749586137,0.0,0.0,0.013901989706951907,0.0,0.05179696458594593,0.0017560216106303327,18.0,3.0833333333333335,74.0,0.010764165441893661,0.5373000167310238,"{'[0.0,0.1)': 18.5, '[0.1,0.2)': 0.0, '[0.2,0.4)': 0.0, '[0.4,0.6)': 0.0, '[0.6,1.0)': 0.0}",,
GR,mixed,4,mixed_seed4,0,9.169357829498148,0.0,0.0,0.0,100.0,1.0,0.8297475208582673,0.004148737604291336,8.217613819803626e-05,0.0,0.0,0.0,0.0,0.005899810084782103,1.533889071592677e-05,9.0,1.5,36.0,0.01296062489725753,1.354500011075288,"{'[0.0,0.1)': 9.0, '[0.1,0.2)': 0.0, '[0.2,0.4)': 0.0, '[0.4,0.6)': 0.0, '[0.6,1.0)': 0.0}",,
GR,wind_gust,0,wind_gust_seed0,0,9.34626836135016,0.0,0.0,0.0,100.0,1.0,0.5791127309048845,0.0028955636545244224,4.25485547683491e-05,0.0,0.0,0.0,0.0,0.0030632871144567475,8.890893631476734e-06,3.0,0.5,12.0,0.010308194153670533,0.1066999975591898,"{'[0.0,0.1)': 3.0, '[0.1,0.2)': 0.0, '[0.2,0.4)': 0.0, '[0.4,0.6)': 0.0, '[0.6,1.0)': 0.0}",,
GR,wind_gust,1,wind_gust_seed1,0,9.761570834547495,0.0,0.0,0.0,100.0,1.0,0.06830111186197788,0.0003415055593098894,4.963381900614553e-06,0.0,0.0,0.0,0.0,0.00035947953611564776,2.584510737718426e-07,0.5,0.08333333333333333,2.0,0.009956527881311357,0.10060000931844115,"{'[0.0,0.1)': 0.5, '[0.1,0.2)': 0.0, '[0.2,0.4)': 0.0, '[0.4,0.6)': 0.0, '[0.6,1.0)': 0.0}",,
GR,wind_gust,2,wind_gust_seed2,0,10.279614354717006,0.0,0.0,0.0,100.0,1.0,7.647882336647101,0.038239411683235504,0.0006668901242494144,0.0,0.0,0.012281826021953393,0.0,0.04436049026718697,0.0017667421140821727,12.5,2.25,54.0,0.01042722227187672,0.0953000271692872,"{'[0.0,0.1)': 13.5, '[0.1,0.2)': 0.0, '[0.2,0.4)': 0.0, '[0.4,0.6)': 0.0, '[0.6,1.0)': 0.0}",,
GR,wind_gust,3,wind_gust_seed3,0,9.587776442499033,0.0,0.0,0.0,100.0,1.0,5.110364053590641,0.025551820267953204,0.000549300406793601,0.0,0.0,0.0,0.0,0.03735957281606847,0.0013342353306848612,12.5,2.1666666666666665,52.0,0.009865000619255524,0.11039996752515435,"{'[0.0,0.1)': 13.0, '[0.1,0.2)': 0.0, '[0.2,0.4)': 0.0, '[0.4,0.6)': 0.0, '[0.6,1.0)': 0.0}",,
GR,wind_gust,4,wind_gust_seed4,0,10.175015157207126,0.0,0.0,0.0,100.0,1.0,0.7421198326237628,0.003710599163118814,7.465309973367914e-05,0.0,0.0,0.0,0.0,0.005367622013286721,2.1418419013202374e-05,4.0,0.6666666666666666,16.0,0.010185275985147908,0.0714000198058784,"{'[0.0,0.1)': 4.0, '[0.1,0.2)': 0.0, '[0.2,0.4)': 0.0, '[0.4,0.6)': 0.0, '[0.6,1.0)': 0.0}",,
RS,cloud_edge,0,cloud_edge_seed0,0,3.0375455949711223,0.2777777777777778,0.0,0.2777777777777778,100.0,1.0,76.08053458923014,0.3804026729461507,0.0052572363881216826,0.0,0.0,0.08136772728889739,0.0,0.3657349775597663,0.0022537059529671136,260.5,21.75,522.0,0.023575763851921592,0.18480001017451286,"{'[0.0,0.1)': 261.0, '[0.1,0.2)': 0.0, '[0.2,0.4)': 0.0, '[0.4,0.6)': 0.0, '[0.6,1.0)': 0.0}",,
RS,cloud_edge,1,cloud_edge_seed1,0,3.075485069828921,0.0,0.0,0.0,100.0,1.0,78.43299874518289,0.3921649937259144,0.0054157330343568,0.0,0.0,0.08343795842878311,0.0,0.37810319986550367,0.0023817009579889473,264.0,22.083333333333332,530.0,0.025046875452972017,0.15879998682066798,"{'[0.0,0.1)': 264.5, '[0.1,0.2)': 0.0, '[0.2,0.4)': 0.0, '[0.4,0.6)': 0.0, '[0.6,1.0)': 0.0}",,
RS,cloud_edge,2,cloud_edge_seed2,0,3.224011734438656,6.736111111111111,0.0,6.736111111111111,100.0,1.0,80.44974656913593,0.40224873284567964,0.005507257085232538,0.0,0.0,0.08759296581788989,0.0,0.38321821076172224,0.0023611746469708646,264.0,22.041666666666668,529.0,0.02563930615401154,0.6864999886602163,"{'[0.0,0.1)': 264.5, '[0.1,0.2)': 0.0, '[0.2,0.4)': 0.0, '[0.4,0.6)': 0.0, '[0.6,1.0)': 0.0}",,
RS,cloud_edge,3,cloud_edge_seed3,0,2.992918216604008,8.055555555555555,0.0,8.055555555555555,100.0,1.0,73.82337735413788,0.3691168867706894,0.005214269649493616,0.0,0.0,0.07982997110458283,0.0,0.36376124078920186,0.002302170005491568,277.0,23.166666666666668,556.0,0.02548937538651646,0.20030001178383827,"{'[0.0,0.1)': 277.5, '[0.1,0.2)': 0.0, '[0.2,0.4)': 0.0, '[0.4,0.6)': 0.0, '[0.6,1.0)': 0.0}",,
RS,cloud_edge,4,cloud_edge_seed4,0,3.144978127861758,0.5555555555555556,0.0,0.5555555555555556,100.0,1.0,76.61850544717709,0.38309252723588544,0.005171413263755592,0.0,0.0,0.08065232991487502,0.0,0.36113130142964567,0.0022181968227245217,272.5,22.791666666666668,547.0,0.024572430063724622,0.5557999829761684,"{'[0.0,0.1)': 273.0, '[0.1,0.2)': 0.0, '[0.2,0.4)': 0.0, '[0.4,0.6)': 0.0, '[0.6,1.0)': 0.0}",,
RS,load_step,0,load_step_seed0,0,3.1455858180350695,10.625,0.0,10.625,100.0,1.0,75.1321218573203,0.3756606092866015,0.005377004040902365,0.0,0.0,0.08238213178264613,0.0,0.3721055490561396,0.002475007877550841,276.5,23.125,555.0,0.02367472180695687,0.17110002227127552,"{'[0.0,0.1)': 277.0, '[0.1,0.2)': 0.0, '[0.2,0.4)': 0.0, '[0.4,0.6)': 0.0, '[0.6,1.0)': 0.0}",,
RS,load_step,1,load_step_seed1,0,3.2374006003964126,10.625,0.0,10.625,100.0,1.0,76.65573443290835,0.38327867216454176,0.005400481071125761,0.0,0.0,0.07999176086290419,0.0,0.37573758497177234,0.002566352498766956,264.5,22.125,531.0,0.024389652915286004,0.13449997641146183,"{'[0.0,0.1)': 265.0, '[0.1,0.2)': 0.0, '[0.2,0.4)': 0.0, '[0.4,0.6)': 0.0, '[0.6,1.0)': 0.0}",,
RS,load_step,2,load_step_seed2,0,3.1318623474977136,11.041666666666666,0.0,11.041666666666666,100.0,1.0,77.72613809790656,0.3886306904895328,0.005395038647267369,0.0,0.0,0.08285283140455574,0.0,0.37486804623021514,0.002588579468502989,269.5,22.5,540.0,0.02357249997860183,0.2030999748967588,"{'[0.0,0.1)': 270.0, '[0.1,0.2)': 0.0, '[0.2,0.4)': 0.0, '[0.4,0.6)': 0.0, '[0.6,1.0)': 0.0}",,
RS,load_step,3,load_step_seed3,0,2.88536351477396,2.430555555555556,0.0,2.430555555555556,100.0,1.0,73.63504399851413,0.3681752199925707,0.005194852720036976,0.0,0.0,0.07754281515183499,0.0,0.3622619858934086,0.0023345994462092524,282.5,23.583333333333332,566.0,0.02521354080171376,0.23939996026456356,"{'[0.0,0.1)': 283.0, '[0.1,0.2)': 0.0, '[0.2,0.4)': 0.0, '[0.4,0.6)': 0.0, '[0.6,1.0)': 0.0}",,
RS,load_step,4,load_step_seed4,0,2.751285879644356,4.652777777777778,0.0,4.652777777777778,100.0,1.0,73.25344044657739,0.36626720223288695,0.004942926213239884,0.0,0.0,0.07587955698394801,0.0,0.345182076052596,0.0019203838484670578,274.5,22.916666666666668,550.0,0.025434652788034227,0.30590000096708536,"{'[0.0,0.1)': 275.0, '[0.1,0.2)': 0.0, '[0.2,0.4)': 0.0, '[0.4,0.6)': 0.0, '[0.6,1.0)': 0.0}",,
RS,mixed,0,mixed_seed0,0,2.9914061256348843,2.083333333333333,0.0,2.083333333333333,100.0,1.0,73.84494161635794,0.3692247080817897,0.005088325125402679,0.0,0.0,0.08037827494518253,0.0,0.35433356691176293,0.0021952633704300376,270.5,22.583333333333332,542.0,0.023452361023777887,0.18400000408291817,"{'[0.0,0.1)': 271.0, '[0.1,0.2)': 0.0, '[0.2,0.4)': 0.0, '[0.4,0.6)': 0.0, '[0.6,1.0)': 0.0}",,
RS,mixed,1,mixed_seed1,0,2.9926801240638836,0.1388888888888889,0.0,0.1388888888888889,100.0,1.0,77.35981027235948,0.38679905136179743,0.00536329089463313,0.0,0.0,0.08497892790925121,0.0,0.37416875714936404,0.0022981107515133445,268.5,22.458333333333332,539.0,0.02327291549590882,0.20220002625137568,"{'[0.0,0.1)': 269.0, '[0.1,0.2)': 0.0, '[0.2,0.4)': 0.0, '[0.4,0.6)': 0.0, '[0.6,1.0)': 0.0}",,
RS,mixed,2,mixed_seed2,0,3.1422451126682454,5.972222222222222,0.0,5.972222222222222,100.0,1.0,78.52425627470467,0.39262128137352337,0.005421081634597846,0.0,0.0,0.08521859151145883,0.0,0.37765244109427587,0.0023164913023837174,263.0,21.958333333333332,527.0,0.023600069147909783,0.18390000332146883,"{'[0.0,0.1)': 263.5, '[0.1,0.2)': 0.0, '[0.2,0.4)': 0.0, '[0.4,0.6)': 0.0, '[0.6,1.0)': 0.0}",,
RS,mixed,3,mixed_seed3,0,3.013439929818367,5.0,0.0,5.0,100.0,1.0,73.25831888945524,0.3662915944472762,0.0052634801003357415,0.0,0.0,0.07806534227614342,0.0,0.3658010311880472,0.0023830421512660866,275.0,22.958333333333332,551.0,0.02312513736089588,0.13080000644549727,"{'[0.0,0.1)': 275.5, '[0.1,0.2)': 0.0, '[0.2,0.4)': 0.0, '[0.4,0.6)': 0.0, '[0.6,1.0)': 0.0}",,
RS,mixed,4,mixed_seed4,0,2.855476442058686,0.3472222222222222,0.0,0.3472222222222222,100.0,1.0,73.80878041920461,0.36904390209602306,0.005039541066114838,0.0,0.0,0.07595736428171261,0.0,0.35093416911239717,0.0020088543694078273,282.0,23.541666666666668,565.0,0.024108472037672374,0.21810003090649843,"{'[0.0,0.1)': 282.5, '[0.1,0.2)': 0.0, '[0.2,0.4)': 0.0, '[0.4,0.6)': 0.0, '[0.6,1.0)': 0.0}",,
RS,wind_gust,0,wind_gust_seed0,0,3.2452430580284575,0.4166666666666667,0.0,0.4166666666666667,100.0,1.0,79.39725356655299,0.39698626783276497,0.005498392919829705,0.0,0.0,0.08461238151909048,0.0,0.38287685394189186,0.0025922593419431044,263.0,22.0,528.0,0.02530874945579045,0.18129998352378607,"{'[0.0,0.1)': 263.5, '[0.1,0.2)': 0.0, '[0.2,0.4)': 0.0, '[0.4,0.6)': 0.0, '[0.6,1.0)': 0.0}",,
RS,wind_gust,1,wind_gust_seed1,0,3.1503545869749194,0.0,0.0,0.0,100.0,1.0,77.38447086841184,0.3869223543420592,0.005203220275621632,0.0,0.0,0.0845204872948486,0.0,0.3642407015671979,0.00220838863415042,288.0,24.041666666666668,577.0,0.02427347196013822,0.13669999316334724,"{'[0.0,0.1)': 288.5, '[0.1,0.2)': 0.0, '[0.2,0.4)': 0.0, '[0.4,0.6)': 0.0, '[0.6,1.0)': 0.0}",,
RS,wind_gust,2,wind_gust_seed2,0,3.3924328697998125,5.277777777777778,0.0,5.277777777777778,100.0,1.0,81.41544793323449,0.40707723966617243,0.005738659116792581,0.0,0.0,0.09275773343530731,0.0,0.39853272064170503,0.0027873018298188636,267.0,22.291666666666668,535.0,0.02531451403532022,0.8303000358864665,"{'[0.0,0.1)': 267.5, '[0.1,0.2)': 0.0, '[0.2,0.4)': 0.0, '[0.4,0.6)': 0.0, '[0.6,1.0)': 0.0}",,
RS,wind_gust,3,wind_gust_seed3,0,3.1964860389768717,3.4722222222222223,0.0,3.4722222222222223,100.0,1.0,79.00728210880085,0.39503641054400424,0.005561803334942841,0.0,0.0,0.08613158185358,0.0,0.38719403056369284,0.0025706840963470893,276.0,23.083333333333332,554.0,0.025060069310711697,0.28200005181133747,"{'[0.0,0.1)': 276.5, '[0.1,0.2)': 0.0, '[0.2,0.4)': 0.0, '[0.4,0.6)': 0.0, '[0.6,1.0)': 0.0}",,
RS,wind_gust,4,wind_gust_seed4,0,3.3124412013016196,0.6944444444444444,0.0,0.6944444444444444,100.0,1.0,80.94320901310995,0.40471604506554976,0.005389603231042913,0.0,0.0,0.09045589661710925,0.0,0.37535401016776193,0.0025458306401266993,251.5,21.0,504.0,0.0244287506373237,0.20300003234297037,"{'[0.0,0.1)': 252.0, '[0.1,0.2)': 0.0, '[0.2,0.4)': 0.0, '[0.4,0.6)': 0.0, '[0.6,1.0)': 0.0}",,
FBRL,cloud_edge,0,cloud_edge_seed0,0,2.499957810562257,0.0,0.0,0.0,100.0,1.0,71.09213166391268,0.3554606583195634,0.004869108115504494,0.0,0.0,0.07499873431686771,0.0,0.34014882347104025,0.002418103030614132,251.5,21.0,504.0,0.015973332079334393,0.19529997371137142,"{'[0.0,0.1)': 252.0, '[0.1,0.2)': 0.0, '[0.2,0.4)': 0.0, '[0.4,0.6)': 0.0, '[0.6,1.0)': 0.0}",,
FBRL,cloud_edge,1,cloud_edge_seed1,0,2.513510550010602,0.0,0.0,0.0,100.0,1.0,73.4586423982879,0.36729321199143955,0.00465255294318167,0.0,0.0,0.07540531650031806,0.0,0.3268317518156221,0.002182436452452588,249.0,20.833333333333332,500.0,0.01655458234179403,0.2886999864131212,"{'[0.0,0.1)': 249.5, '[0.1,0.2)': 0.0, '[0.2,0.4)': 0.0, '[0.4,0.6)': 0.0, '[0.6,1.0)': 0.0}",,
FBRL,cloud_edge,2,cloud_edge_seed2,0,2.746799797912601,0.0,0.0,0.0,100.0,1.0,77.72040389094457,0.38860201945472284,0.005347830687642978,0.0,0.0,0.08890789526898195,0.0,0.3594565502557405,0.006864370672859537,255.5,21.375,513.0,0.015636111654910363,0.08219998562708497,"{'[0.0,0.1)': 255.5, '[0.1,0.2)': 0.5, '[0.2,0.4)': 0.0, '[0.4,0.6)': 0.0, '[0.6,1.0)': 0.0}",,
FBRL,cloud_edge,3,cloud_edge_seed3,0,2.389165834672787,0.0,0.0,0.0,100.0,1.0,74.57426003120668,0.37287130015603337,0.0060639728313966225,0.0,0.0,0.08308768747309467,0.0,0.3671607294491538,0.008839313270545686,258.0,21.583333333333332,518.0,0.016037847752967436,0.12169999536126852,"{'[0.0,0.1)': 258.0, '[0.1,0.2)': 0.5, '[0.2,0.4)': 0.0, '[0.4,0.6)': 0.0, '[0.6,1.0)': 0.0}",,
FBRL,cloud_edge,4,cloud_edge_seed4,0,2.5393672349444585,0.0,0.0,0.0,100.0,1.0,71.7277205055014,0.35863860252750696,0.004588540747434832,0.0,0.0,0.07651870241552504,0.0,0.321502690611545,0.002285126052329961,260.5,21.791666666666668,523.0,0.015420278092885079,0.17039995873346925,"{'[0.0,0.1)': 261.0, '[0.1,0.2)': 0.0, '[0.2,0.4)': 0.0, '[0.4,0.6)': 0.0, '[0.6,1.0)': 0.0}",,
FBRL,load_step,0,load_step_seed0,0,2.48614964938329,0.0,0.0,0.0,100.0,1.0,78.44061422287969,0.39220307111439845,0.006459401630340704,0.0,0.0,0.09038628951407009,0.0,0.39087397862945494,0.01429208489500167,255.5,21.375,513.0,0.015161875489866361,0.09460002183914185,"{'[0.0,0.1)': 255.5, '[0.1,0.2)': 0.5, '[0.2,0.4)': 0.0, '[0.4,0.6)': 0.0, '[0.6,1.0)': 0.0}",,
FBRL,load_step,1,load_step_seed1,0,2.4561188382987535,0.0,0.0,0.0,100.0,1.0,80.41184223709672,0.4020592111854836,0.006933893030130513,0.0,0.0,0.08852171857353408,0.0,0.39751035535645685,0.01512022546294405,246.5,20.708333333333332,497.0,0.015356041735180447,0.09679998038336635,"{'[0.0,0.1)': 247.5, '[0.1,0.2)': 0.5, '[0.2,0.4)': 0.0, '[0.4,0.6)': 0.0, '[0.6,1.0)': 0.0}",,
FBRL,load_step,2,load_step_seed2,0,2.516999160828623,0.0,0.0,0.0,100.0,1.0,78.10424627967359,0.3905212313983679,0.005598357849787014,0.0,0.0,0.08856813742512935,0.0,0.368437698730907,0.012590124969915866,255.5,21.333333333333332,512.0,0.015412013696429009,0.10979996295645833,"{'[0.0,0.1)': 255.5, '[0.1,0.2)': 0.5, '[0.2,0.4)': 0.0, '[0.4,0.6)': 0.0, '[0.6,1.0)': 0.0}",,
FBRL,load_step,3,load_step_seed3,0,2.3643607144974728,0.0,0.0,0.0,100.0,1.0,72.8382171839825,0.36419108591991245,0.005442307806292973,0.0,0.0,0.07775420203517186,0.0,0.35639874561849116,0.00459134412114365,277.5,23.166666666666668,556.0,0.01545465323336733,0.19869999960064888,"{'[0.0,0.1)': 278.0, '[0.1,0.2)': 0.0, '[0.2,0.4)': 0.0, '[0.4,0.6)': 0.0, '[0.6,1.0)': 0.0}",,
FBRL,load_step,4,load_step_seed4,0,2.4201848377102793,0.0,0.0,0.0,100.0,1.0,69.77882038958353,0.34889410194791765,0.0048247435920410545,0.0,0.0,0.0751871870961911,0.0,0.3312529907775038,0.0034349888859814097,262.0,21.916666666666668,526.0,0.016083957840843748,0.13910001143813133,"{'[0.0,0.1)': 263.0, '[0.1,0.2)': 0.0, '[0.2,0.4)': 0.0, '[0.4,0.6)': 0.0, '[0.6,1.0)': 0.0}",,
FBRL,mixed,0,mixed_seed0,0,2.53169180213052,0.0,0.0,0.0,100.0,1.0,70.66900405165927,0.35334502025829634,0.0048514684658270985,0.0,0.0,0.07805519852546436,0.0,0.3362782852543304,0.0032710190565194428,269.5,22.5,540.0,0.01670506874991891,0.18319999799132347,"{'[0.0,0.1)': 270.0, '[0.1,0.2)': 0.0, '[0.2,0.4)': 0.0, '[0.4,0.6)': 0.0, '[0.6,1.0)': 0.0}",,
FBRL,mixed,1,mixed_seed1,0,2.631608218226166,0.0,0.0,0.0,100.0,1.0,71.83219120301422,0.3591609560150711,0.004754114379778085,0.0,0.0,0.07894824654678498,0.0,0.33291207656996774,0.0023809088576532828,266.5,22.291666666666668,535.0,0.015458888447028585,0.11790002463385463,"{'[0.0,0.1)': 267.0, '[0.1,0.2)': 0.0, '[0.2,0.4)': 0.0, '[0.4,0.6)': 0.0, '[0.6,1.0)': 0.0}",,
FBRL,mixed,2,mixed_seed2,0,2.5776950332461794,0.0,0.0,0.0,100.0,1.0,75.59273093739894,0.3779636546869947,0.005053733444458465,0.0,0.0,0.08292608123865779,0.0,0.34059100843534007,0.0063125252205438725,250.0,20.875,501.0,0.015967361024296325,0.2826999989338219,"{'[0.0,0.1)': 250.0, '[0.1,0.2)': 0.5, '[0.2,0.4)': 0.0, '[0.4,0.6)': 0.0, '[0.6,1.0)': 0.0}",,
FBRL,mixed,3,mixed_seed3,0,2.312448405151996,0.0,0.0,0.0,100.0,1.0,71.67429755556991,0.35837148777784955,0.005518935334808842,0.0,0.0,0.07807676259303101,0.0,0.35771653557016364,0.005092120989214351,245.0,20.5,492.0,0.01557201366166636,0.10030000703409314,"{'[0.0,0.1)': 245.5, '[0.1,0.2)': 0.0, '[0.2,0.4)': 0.0, '[0.4,0.6)': 0.0, '[0.6,1.0)': 0.0}",,
FBRL,mixed,4,mixed_seed4,0,2.348038596311309,0.0,0.0,0.0,100.0,1.0,68.4272702680527,0.3421363513402635,0.004529038516423427,0.0,0.0,0.07044115788933937,0.0,0.3165827049332674,0.002173884484499842,267.0,22.291666666666668,535.0,0.01617645769632266,0.14729995746165514,"{'[0.0,0.1)': 267.5, '[0.1,0.2)': 0.0, '[0.2,0.4)': 0.0, '[0.4,0.6)': 0.0, '[0.6,1.0)': 0.0}",,
FBRL,wind_gust,0,wind_gust_seed0,0,2.6776724051267826,0.0,0.0,0.0,100.0,1.0,75.02677615439039,0.375133880771952,0.004864776493129061,0.0,0.0,0.08033017215380348,0.0,0.34035622743861577,0.002507167085407865,255.0,21.291666666666668,511.0,0.015943681420240965,0.20030001178383827,"{'[0.0,0.1)': 255.5, '[0.1,0.2)': 0.0, '[0.2,0.4)': 0.0, '[0.4,0.6)': 0.0, '[0.6,1.0)': 0.0}",,
FBRL,wind_gust,1,wind_gust_seed1,0,2.5252319389727975,0.0,0.0,0.0,100.0,1.0,72.32864798588407,0.3616432399294204,0.00444748860839283,0.0,0.0,0.07599606255188962,0.0,0.3129495591896191,0.0020489251535198275,275.0,22.958333333333332,551.0,0.015270555013557896,0.08059997344389558,"{'[0.0,0.1)': 275.5, '[0.1,0.2)': 0.0, '[0.2,0.4)': 0.0, '[0.4,0.6)': 0.0, '[0.6,1.0)': 0.0}",,
FBRL,wind_gust,2,wind_gust_seed2,0,2.7330220304107296,0.0,0.0,0.0,100.0,1.0,78.1653241485344,0.390826620742672,0.005376450635728816,0.0,0.0,0.09117299262013687,0.0,0.3610538436565422,0.007087431044148134,259.0,21.625,519.0,0.015360555335064419,0.09830005001276731,"{'[0.0,0.1)': 259.0, '[0.1,0.2)': 0.5, '[0.2,0.4)': 0.0, '[0.4,0.6)': 0.0, '[0.6,1.0)': 0.0}",,
FBRL,wind_gust,3,wind_gust_seed3,0,2.6643875185184784,0.0,0.0,0.0,100.0,1.0,75.88665745785968,0.3794332872892984,0.005644213219670658,0.0,0.0,0.08220712171160573,0.0,0.37615607219797687,0.004176877967227084,250.0,20.916666666666668,502.0,0.01572597142916897,0.19719998817890882,"{'[0.0,0.1)': 250.5, '[0.1,0.2)': 0.0, '[0.2,0.4)': 0.0, '[0.4,0.6)': 0.0, '[0.6,1.0)': 0.0}",,
FBRL,wind_gust,4,wind_gust_seed4,0,2.8332332936414244,0.0,0.0,0.0,100.0,1.0,76.90874277351858,0.3845437138675929,0.004848254660326545,0.0,0.0,0.0849969988092428,0.0,0.3383565979264833,0.002673105794341516,231.5,19.375,465.0,0.015491180844643774,0.07360003655776381,"{'[0.0,0.1)': 232.0, '[0.1,0.2)': 0.0, '[0.2,0.4)': 0.0, '[0.4,0.6)': 0.0, '[0.6,1.0)': 0.0}",,
MPC_best_ramp,cloud_edge,0,cloud_edge_seed0,0,9.230783126529435,1.4583333333333333,0.0,1.4583333333333333,100.0,1.0,0.3550805716214939,0.0017754028581074696,2.5887497175458197e-05,0.0,0.0,2.52454466344675e-05,0.0,0.0018686944988748622,6.963387292716706e-06,66.5,5.541666666666667,133.0,201.1820309032272,1173.68120001629,"{'[0.0,0.1)': 66.5, '[0.1,0.2)': 0.0, '[0.2,0.4)': 0.0, '[0.4,0.6)': 0.0, '[0.6,1.0)': 0.0}",MPC,0.1|0.01|0.001
MPC_best_ramp,cloud_edge,1,cloud_edge_seed1,0,9.612278525832865,0.6944444444444444,0.0,0.6944444444444444,100.0,1.0,0.1321060035057717,0.0006605300175288585,9.576671165232553e-06,0.0,0.0,2.897429646245829e-07,0.0,0.0006930974565899917,9.54205861286724e-07,62.5,5.375,129.0,156.27364625094438,1121.248800016474,"{'[0.0,0.1)': 62.5, '[0.1,0.2)': 0.0, '[0.2,0.4)': 0.0, '[0.4,0.6)': 0.0, '[0.6,1.0)': 0.0}",MPC,0.1|0.01|0.001
MPC_best_ramp,cloud_edge,2,cloud_edge_seed2,0,9.696933572492552,5.0,0.0,5.0,100.0,1.0,8.234301539395918,0.041171507696979595,0.0006575658112636687,0.0,0.0,0.020449008091657186,0.0,0.04333815876450878,0.0037562965582218014,64.5,5.541666666666667,133.0,275.13927131941375,1180.6156000238843,"{'[0.0,0.1)': 65.0, '[0.1,0.2)': 0.0, '[0.2,0.4)': 0.0, '[0.4,0.6)': 0.0, '[0.6,1.0)': 0.0}",MPC,0.1|0.01|0.001
MPC_best_ramp,cloud_edge,3,cloud_edge_seed3,0,9.075491804740299,6.111111111111111,0.0,6.111111111111111,100.0,1.0,10.56643030105937,0.05283215150529685,0.000866299312670119,0.0,0.0,0.02340972211554409,0.0,0.05561274616774517,0.006185375285827484,45.0,3.8333333333333335,92.0,552.2411637486382,1182.462900003884,"{'[0.0,0.1)': 45.0, '[0.1,0.2)': 0.5, '[0.2,0.4)': 0.0, '[0.4,0.6)': 0.0, '[0.6,1.0)': 0.0}",MPC,0.1|0.01|0.001
MPC_best_ramp,cloud_edge,4,cloud_edge_seed4,0,9.220823730019756,1.4583333333333333,0.0,1.4583333333333333,100.0,1.0,0.732171716372978,0.00366085858186489,5.361903078864705e-05,0.0,0.0,8.942915253628185e-06,0.0,0.003853494421456244,2.968785778244618e-05,63.0,5.291666666666667,127.0,320.2901952785194,1155.541899963282,"{'[0.0,0.1)': 63.0, '[0.1,0.2)': 0.0, '[0.2,0.4)': 0.0, '[0.4,0.6)': 0.0, '[0.6,1.0)': 0.0}",MPC,0.1|0.01|0.001
MPC_best_ramp,load_step,0,load_step_seed0,0,8.918624754867261,7.361111111111112,0.0,7.361111111111112,100.0,1.0,14.076576367616079,0.07038288183808039,0.0011995195229567172,0.0,0.0,0.04722901394182779,0.0,0.07408696799421893,0.010977243466230609,56.0,4.75,114.0,540.7602320833879,1165.0077000376768,"{'[0.0,0.1)': 56.0, '[0.1,0.2)': 0.5, '[0.2,0.4)': 0.0, '[0.4,0.6)': 0.0, '[0.6,1.0)': 0.0}",MPC,0.1|0.01|0.001
MPC_best_ramp,load_step,1,load_step_seed1,0,9.37300046278126,7.638888888888889,0.0,7.638888888888889,100.0,1.0,14.00387489324927,0.07001937446624634,0.0011923832691301491,0.0,0.0,0.04706398940808817,0.0,0.07370407497914602,0.010861708760486916,55.5,4.666666666666667,112.0,569.0575952084247,1145.7848999998532,"{'[0.0,0.1)': 55.5, '[0.1,0.2)': 0.5, '[0.2,0.4)': 0.0, '[0.4,0.6)': 0.0, '[0.6,1.0)': 0.0}",MPC,0.1|0.01|0.001
MPC_best_ramp,load_step,2,load_step_seed2,0,9.700061362016742,7.152777777777778,0.0,7.152777777777778,100.0,1.0,13.181382453066666,0.06590691226533334,0.0011123797275709546,0.0,0.0,0.04581358465445047,0.0,0.06937558362146709,0.009625736254679058,53.0,4.583333333333333,110.0,418.21351444446515,1150.9404000244103,"{'[0.0,0.1)': 53.0, '[0.1,0.2)': 0.5, '[0.2,0.4)': 0.0, '[0.4,0.6)': 0.0, '[0.6,1.0)': 0.0}",MPC,0.1|0.01|0.001
MPC_best_ramp,load_step,3,load_step_seed3,0,9.354833642160035,3.194444444444444,0.0,3.194444444444444,100.0,1.0,4.832741505221483,0.024163707526107414,0.0003711714383402784,0.0,0.0,0.0007374667371511263,0.0,0.02543540286331361,0.0012937725811310893,60.0,5.041666666666667,121.0,486.9707468755627,1165.27550003957,"{'[0.0,0.1)': 60.5, '[0.1,0.2)': 0.0, '[0.2,0.4)': 0.0, '[0.4,0.6)': 0.0, '[0.6,1.0)': 0.0}",MPC,0.1|0.01|0.001
MPC_best_ramp,load_step,4,load_step_seed4,0,9.070529058120332,3.3333333333333335,0.0,3.3333333333333335,100.0,1.0,3.7090346382876134,0.01854517319143807,0.0002811882520201917,0.0,0.0,0.0031040918051249487,0.0,0.01952118968430902,0.0007620885771489642,58.5,4.958333333333333,119.0,415.96720395795677,1150.0422999961302,"{'[0.0,0.1)': 59.0, '[0.1,0.2)': 0.0, '[0.2,0.4)': 0.0, '[0.4,0.6)': 0.0, '[0.6,1.0)': 0.0}",MPC,0.1|0.01|0.001
MPC_best_ramp,mixed,0,mixed_seed0,0,9.159501055462632,2.1527777777777777,0.0,2.1527777777777777,100.0,1.0,2.628121156240322,0.01314060578120161,0.00019675894056063833,0.0,0.0,0.00013906489745576408,0.0,0.013832119858299713,0.0003826372642953277,48.5,4.166666666666667,100.0,273.5974909729622,1141.0503000370227,"{'[0.0,0.1)': 49.0, '[0.1,0.2)': 0.0, '[0.2,0.4)': 0.0, '[0.4,0.6)': 0.0, '[0.6,1.0)': 0.0}",MPC,0.1|0.01|0.001
MPC_best_ramp,mixed,1,mixed_seed1,0,9.549950781077253,0.3472222222222222,0.0,0.3472222222222222,100.0,1.0,0.06014470547682643,0.00030072352738413216,4.370146878061363e-06,0.0,0.0,1.9041757933696573e-07,0.0,0.00031654384181256656,2.0029152857090284e-07,58.0,4.833333333333333,116.0,144.186210347713,1157.7907999744639,"{'[0.0,0.1)': 58.0, '[0.1,0.2)': 0.0, '[0.2,0.4)': 0.0, '[0.4,0.6)': 0.0, '[0.6,1.0)': 0.0}",MPC,0.1|0.01|0.001
MPC_best_ramp,mixed,2,mixed_seed2,0,9.676443303736745,4.861111111111112,0.0,4.861111111111112,100.0,1.0,7.776057541173557,0.03888028770586779,0.0006177464763502709,0.0,0.0,0.01603000380638391,0.0,0.04092659109105448,0.0033498895521455172,53.5,4.666666666666667,112.0,266.32008444450753,1137.760299956426,"{'[0.0,0.1)': 54.0, '[0.1,0.2)': 0.0, '[0.2,0.4)': 0.0, '[0.4,0.6)': 0.0, '[0.6,1.0)': 0.0}",MPC,0.1|0.01|0.001
MPC_best_ramp,mixed,3,mixed_seed3,0,8.56508242745046,5.208333333333334,0.0,5.208333333333334,100.0,1.0,6.576732996633855,0.032883664983169275,0.0005153555086295529,0.0,0.0,0.00872201925056681,0.0,0.03461434767990845,0.002396214869366962,66.0,5.541666666666667,133.0,508.4571794434548,1195.0932000181638,"{'[0.0,0.1)': 66.5, '[0.1,0.2)': 0.0, '[0.2,0.4)': 0.0, '[0.4,0.6)': 0.0, '[0.6,1.0)': 0.0}",MPC,0.1|0.01|0.001
MPC_best_ramp,mixed,4,mixed_seed4,0,9.26340547002684,1.3888888888888888,0.0,1.3888888888888888,100.0,1.0,0.4983797285374688,0.002491898642687344,3.639790961510986e-05,0.0,0.0,5.865662581630499e-06,0.0,0.0026229883828819134,1.37494396272072e-05,56.0,4.666666666666667,112.0,244.67264645827527,1186.8455999647267,"{'[0.0,0.1)': 56.0, '[0.1,0.2)': 0.0, '[0.2,0.4)': 0.0, '[0.4,0.6)': 0.0, '[0.6,1.0)': 0.0}",MPC,0.1|0.01|0.001
MPC_best_ramp,wind_gust,0,wind_gust_seed0,0,9.346289036725599,0.5555555555555556,0.0,0.5555555555555556,100.0,1.0,0.5080684568696154,0.0025403422843480773,3.711039277214909e-05,0.0,0.0,1.4084788057122905e-07,0.0,0.002674025254155027,1.4297061282618766e-05,65.5,5.458333333333333,131.0,173.68608687465894,1132.38150003599,"{'[0.0,0.1)': 65.5, '[0.1,0.2)': 0.0, '[0.2,0.4)': 0.0, '[0.4,0.6)': 0.0, '[0.6,1.0)': 0.0}",MPC,0.1|0.01|0.001
MPC_best_ramp,wind_gust,1,wind_gust_seed1,0,9.761570870829066,0.1388888888888889,0.0,0.1388888888888889,100.0,1.0,0.047211336354951554,0.00023605668177475777,3.4299436193237757e-06,0.0,0.0,3.500513607543762e-08,0.0,0.00024847936180760755,1.2346151702055828e-07,47.0,3.9583333333333335,95.0,117.55972083317627,1181.7430999944918,"{'[0.0,0.1)': 47.0, '[0.1,0.2)': 0.0, '[0.2,0.4)': 0.0, '[0.4,0.6)': 0.0, '[0.6,1.0)': 0.0}",MPC,0.1|0.01|0.001
MPC_best_ramp,wind_gust,2,wind_gust_seed2,0,10.300598373310375,3.75,0.0,3.75,100.0,1.0,7.331011133704837,0.036655055668524186,0.0005794414219446638,0.0,0.0,0.0057939144853522105,0.0,0.03858424672216748,0.002977453352196737,63.5,5.375,129.0,276.4423933332889,1196.004199970048,"{'[0.0,0.1)': 64.0, '[0.1,0.2)': 0.0, '[0.2,0.4)': 0.0, '[0.4,0.6)': 0.0, '[0.6,1.0)': 0.0}",MPC,0.1|0.01|0.001
MPC_best_ramp,wind_gust,3,wind_gust_seed3,0,9.587776412655298,3.4722222222222223,0.0,3.4722222222222223,100.0,1.0,4.540333580795121,0.022701667903975604,0.00034753710567565115,0.0,0.0,0.0015597384356076755,0.0,0.023896384139074495,0.0011419024135544901,54.0,4.541666666666667,109.0,484.9739560413582,1167.2229999676347,"{'[0.0,0.1)': 54.5, '[0.1,0.2)': 0.0, '[0.2,0.4)': 0.0, '[0.4,0.6)': 0.0, '[0.6,1.0)': 0.0}",MPC,0.1|0.01|0.001
MPC_best_ramp,wind_gust,4,wind_gust_seed4,0,10.174999230556356,0.8333333333333334,0.0,0.8333333333333334,100.0,1.0,0.5250396885230459,0.0026251984426152297,3.835647316293591e-05,0.0,0.0,8.13169223025395e-07,0.0,0.0027632807020606387,1.5253900723145966e-05,58.0,4.833333333333333,116.0,186.97367597285646,1196.5901000075974,"{'[0.0,0.1)': 58.0, '[0.1,0.2)': 0.0, '[0.2,0.4)': 0.0, '[0.4,0.6)': 0.0, '[0.6,1.0)': 0.0}",MPC,0.1|0.01|0.001
MPC_best_balanced,cloud_edge,0,cloud_edge_seed0,0,9.319226617085397,1.4583333333333333,0.0,1.4583333333333333,100.0,1.0,0.3177357289074829,0.0015886786445374146,2.3156789304160788e-05,0.0,0.0,3.581848854335669e-07,0.0,0.0016722900373864202,5.5928282162001724e-06,64.5,6.25,150.0,110.12861298659118,1128.0156000284478,"{'[0.0,0.1)': 64.5, '[0.1,0.2)': 0.0, '[0.2,0.4)': 0.0, '[0.4,0.6)': 0.0, '[0.6,1.0)': 0.0}",MPC,1|0.01|0.001
MPC_best_balanced,cloud_edge,1,cloud_edge_seed1,0,9.612339949512522,0.625,0.0,0.625,100.0,1.0,0.12132084261839748,0.0006066042130919874,8.821568114359907e-06,0.0,0.0,6.131018193901288e-09,0.0,0.000638518919507669,8.153356629680438e-07,52.5,6.25,150.0,95.94447666661128,1122.9521000059322,"{'[0.0,0.1)': 52.5, '[0.1,0.2)': 0.0, '[0.2,0.4)': 0.0, '[0.4,0.6)': 0.0, '[0.6,1.0)': 0.0}",MPC,1|0.01|0.001
MPC_best_balanced,cloud_edge,2,cloud_edge_seed2,0,9.732877644425955,5.069444444444445,0.0,5.069444444444445,100.0,1.0,8.109208432472588,0.04054604216236294,0.0006466611501357151,0.0,0.0,0.02044716764838411,0.0,0.042680040408266756,0.003643161595733594,50.0,6.125,147.0,140.26928486079365,1178.4729000064544,"{'[0.0,0.1)': 50.5, '[0.1,0.2)': 0.0, '[0.2,0.4)': 0.0, '[0.4,0.6)': 0.0, '[0.6,1.0)': 0.0}",MPC,1|0.01|0.001
MPC_best_balanced,cloud_edge,3,cloud_edge_seed3,0,9.075491804751548,6.111111111111111,0.0,6.111111111111111,100.0,1.0,10.426497712979018,0.05213248856489509,0.0008534899458560628,0.0,0.0,0.023407615284887967,0.0,0.05487628979248871,0.0060227649221410665,41.5,3.7916666666666665,91.0,151.7862930557183,1314.6864000009373,"{'[0.0,0.1)': 41.5, '[0.1,0.2)': 0.5, '[0.2,0.4)': 0.0, '[0.4,0.6)': 0.0, '[0.6,1.0)': 0.0}",MPC,1|0.01|0.001
MPC_best_balanced,cloud_edge,4,cloud_edge_seed4,0,9.220823730062456,1.4583333333333333,0.0,1.4583333333333333,100.0,1.0,0.686612130755402,0.00343306065377701,5.025501863647015e-05,0.0,0.0,2.9489679103369854e-08,0.0,0.003613648860332358,2.609073135586395e-05,51.5,5.208333333333333,125.0,110.57154736085471,1128.9350999868475,"{'[0.0,0.1)': 51.5, '[0.1,0.2)': 0.0, '[0.2,0.4)': 0.0, '[0.4,0.6)': 0.0, '[0.6,1.0)': 0.0}",MPC,1|0.01|0.001
MPC_best_balanced,load_step,0,load_step_seed0,0,8.918624772579994,7.569444444444444,0.0,7.569444444444444,100.0,1.0,13.918468017365178,0.0695923400868259,0.0011839563917650036,0.0,0.0,0.04680137492736693,0.0,0.07325430409648082,0.010728105733598057,54.5,4.958333333333333,119.0,183.53993951326024,1121.2371999863535,"{'[0.0,0.1)': 54.5, '[0.1,0.2)': 0.5, '[0.2,0.4)': 0.0, '[0.4,0.6)': 0.0, '[0.6,1.0)': 0.0}",MPC,1|0.01|0.001
MPC_best_balanced,load_step,1,load_step_seed1,0,9.373000461449156,7.708333333333334,0.0,7.708333333333334,100.0,1.0,13.79597475752341,0.06897987378761705,0.0011720535312946276,0.0,0.0,0.04630037490529384,0.0,0.0726103855200631,0.010544505275153273,49.5,4.541666666666667,109.0,177.8746929860871,1176.0497000068426,"{'[0.0,0.1)': 49.5, '[0.1,0.2)': 0.5, '[0.2,0.4)': 0.0, '[0.4,0.6)': 0.0, '[0.6,1.0)': 0.0}",MPC,1|0.01|0.001
MPC_best_balanced,load_step,2,load_step_seed2,0,9.700061362012436,7.361111111111112,0.0,7.361111111111112,100.0,1.0,13.04211031126531,0.06521055155632655,0.0010989571832380458,0.0,0.0,0.04506295642038296,0.0,0.06864267972362148,0.009423616784750961,48.0,4.75,114.0,160.3260418748606,1138.9220000128262,"{'[0.0,0.1)': 48.0, '[0.1,0.2)': 0.5, '[0.2,0.4)': 0.0, '[0.4,0.6)': 0.0, '[0.6,1.0)': 0.0}",MPC,1|0.01|0.001
MPC_best_balanced,load_step,3,load_step_seed3,0,9.354833652560032,3.2638888888888893,0.0,3.2638888888888893,100.0,1.0,4.745972093316614,0.02372986046658307,0.0003641419291968019,0.0,0.0,9.652123603669818e-05,0.0,0.024978759002222545,0.0012478016902294712,53.0,5.041666666666667,121.0,129.92789729214564,1172.6730999653228,"{'[0.0,0.1)': 53.5, '[0.1,0.2)': 0.0, '[0.2,0.4)': 0.0, '[0.4,0.6)': 0.0, '[0.6,1.0)': 0.0}",MPC,1|0.01|0.001
MPC_best_balanced,load_step,4,load_step_seed4,0,9.070570430476266,3.3333333333333335,0.0,3.3333333333333335,100.0,1.0,3.6086565141255122,0.01804328257062756,0.00027326119843861516,0.0,0.0,0.00045270187866764555,0.0,0.018992911409995206,0.0007214367308419015,49.5,4.875,117.0,133.8136002082643,1131.9407999981195,"{'[0.0,0.1)': 50.0, '[0.1,0.2)': 0.0, '[0.2,0.4)': 0.0, '[0.4,0.6)': 0.0, '[0.6,1.0)': 0.0}",MPC,1|0.01|0.001
MPC_best_balanced,mixed,0,mixed_seed0,0,9.166685925022685,2.2222222222222223,0.0,2.2222222222222223,100.0,1.0,2.5577581942927243,0.012788790971463621,0.00019133614190158566,0.0,0.0,3.0970450914976606e-06,0.0,0.013461881561479844,0.00036244150206029234,49.0,4.625,111.0,116.82012548606306,1145.3149000299163,"{'[0.0,0.1)': 49.5, '[0.1,0.2)': 0.0, '[0.2,0.4)': 0.0, '[0.4,0.6)': 0.0, '[0.6,1.0)': 0.0}",MPC,1|0.01|0.001
MPC_best_balanced,mixed,1,mixed_seed1,0,9.54995075863728,0.3472222222222222,0.0,0.3472222222222222,100.0,1.0,0.03987018544005792,0.0001993509272002896,2.8963486546927436e-06,0.0,0.0,4.6115666887973046e-09,0.0,0.00020984148645633582,8.805216966461493e-08,45.5,6.916666666666667,166.0,90.72263354169587,1139.4862000015564,"{'[0.0,0.1)': 45.5, '[0.1,0.2)': 0.0, '[0.2,0.4)': 0.0, '[0.4,0.6)': 0.0, '[0.6,1.0)': 0.0}",MPC,1|0.01|0.001
MPC_best_balanced,mixed,2,mixed_seed2,0,9.676443303736745,5.0,0.0,5.0,100.0,1.0,7.656181252605723,0.038280906263028616,0.0006073931327193823,0.0,0.0,0.01602855382307245,0.0,0.04029568903152378,0.003247482048266294,49.0,5.875,141.0,132.73153874983512,1148.6760000116192,"{'[0.0,0.1)': 49.5, '[0.1,0.2)': 0.0, '[0.2,0.4)': 0.0, '[0.4,0.6)': 0.0, '[0.6,1.0)': 0.0}",MPC,1|0.01|0.001
MPC_best_balanced,mixed,3,mixed_seed3,0,8.565082637429196,5.208333333333334,0.0,5.208333333333334,100.0,1.0,6.490206710834562,0.03245103355417281,0.0005080714008593975,0.0,0.0,0.008425876606022191,0.0,0.03415897047012159,0.002333640515711689,47.0,4.208333333333333,101.0,150.93323076370223,1182.4348999653012,"{'[0.0,0.1)': 47.5, '[0.1,0.2)': 0.0, '[0.2,0.4)': 0.0, '[0.4,0.6)': 0.0, '[0.6,1.0)': 0.0}",MPC,1|0.01|0.001
MPC_best_balanced,mixed,4,mixed_seed4,0,9.263414336149902,1.4583333333333333,0.0,1.4583333333333333,100.0,1.0,0.42967004168351336,0.002148350208417567,3.1355525486943226e-05,0.0,0.0,2.3351480988044384e-08,0.0,0.0022614164842467144,1.0227758832987383e-05,48.5,4.666666666666667,112.0,102.36335437726262,1179.477899975609,"{'[0.0,0.1)': 48.5, '[0.1,0.2)': 0.0, '[0.2,0.4)': 0.0, '[0.4,0.6)': 0.0, '[0.6,1.0)': 0.0}",MPC,1|0.01|0.001
MPC_best_balanced,wind_gust,0,wind_gust_seed0,0,9.346268346755277,0.5555555555555556,0.0,0.5555555555555556,100.0,1.0,0.49114769537961056,0.002455738476898053,3.58676665986524e-05,0.0,0.0,2.9941035188908263e-09,0.0,0.0025849867496682277,1.3364215514741042e-05,47.5,5.916666666666667,142.0,98.97726694406528,1141.2636000313796,"{'[0.0,0.1)': 47.5, '[0.1,0.2)': 0.0, '[0.2,0.4)': 0.0, '[0.4,0.6)': 0.0, '[0.6,1.0)': 0.0}",MPC,1|0.01|0.001
MPC_best_balanced,wind_gust,1,wind_gust_seed1,0,9.761571366334662,0.1388888888888889,0.0,0.1388888888888889,100.0,1.0,0.028642100889733842,0.0001432105044486692,2.080408722396904e-06,0.0,0.0,4.778705814050948e-10,0.0,0.00015074608768753106,4.5441457903313806e-08,43.5,6.416666666666667,154.0,84.87924527705925,1121.1556000052951,"{'[0.0,0.1)': 43.5, '[0.1,0.2)': 0.0, '[0.2,0.4)': 0.0, '[0.4,0.6)': 0.0, '[0.6,1.0)': 0.0}",MPC,1|0.01|0.001
MPC_best_balanced,wind_gust,2,wind_gust_seed2,0,10.300598373310375,3.75,0.0,3.75,100.0,1.0,7.2378995246920725,0.03618949762346036,0.0005714627610021682,0.0,0.0,0.0053520721847256396,0.0,0.03809401959151995,0.002901782472471344,64.0,6.625,159.0,142.82335041655946,1172.305400017649,"{'[0.0,0.1)': 64.5, '[0.1,0.2)': 0.0, '[0.2,0.4)': 0.0, '[0.4,0.6)': 0.0, '[0.6,1.0)': 0.0}",MPC,1|0.01|0.001
MPC_best_balanced,wind_gust,3,wind_gust_seed3,0,9.587776441935429,3.4722222222222223,0.0,3.4722222222222223,100.0,1.0,4.45711913771593,0.02228559568857965,0.00034084129997982455,0.0,0.0,0.00019928582414521065,0.0,0.023458517280594754,0.0011005968523081975,51.0,4.583333333333333,110.0,141.53979944538958,1142.2593999886885,"{'[0.0,0.1)': 51.5, '[0.1,0.2)': 0.0, '[0.2,0.4)': 0.0, '[0.4,0.6)': 0.0, '[0.6,1.0)': 0.0}",MPC,1|0.01|0.001
MPC_best_balanced,wind_gust,4,wind_gust_seed4,0,10.175015157207126,0.8333333333333334,0.0,0.8333333333333334,100.0,1.0,0.49129198445252004,0.0024564599222626003,3.587824482635489e-05,0.0,0.0,1.0150541961230533e-08,0.0,0.0025857450668619053,1.3371732949291415e-05,48.0,5.625,135.0,96.70154708227427,1155.2846999838948,"{'[0.0,0.1)': 48.0, '[0.1,0.2)': 0.0, '[0.2,0.4)': 0.0, '[0.4,0.6)': 0.0, '[0.6,1.0)': 0.0}",MPC,1|0.01|0.001
