controller,reference_type,weight_label,scenario,seed,scenario_seed,day_id,ramp95_kw_per_min,cap_violation_pct_import,cap_violation_pct_export,cap_violation_pct_total,resilience_score,soc_band_residency,throughput_kwh,efc,lfp_cycle_loss_pct,t_high_soc_h,t_low_soc_h,ceq_q95,t_high_c_h,efcrf,idod,n_micro,flip_per_hour,flip_per_day,mean_cpu_ms,max_cpu_ms,rainflow_hist
OraclePreview_0.01_0.01_0.001,OraclePreview,0.01|0.01|0.001,cloud_edge,0,cloud_edge_seed0,0,9.085729598260176,1.1111111111111112,0.0,1.1111111111111112,100.0,1.0,1.460493470883527,0.007302467354417636,0.00010786378157014506,0.0,0.0,0.002042845862929594,0.0,0.00768652804585393,0.00011800868929582541,5.0,0.4166666666666667,10.0,342.04537222200696,1169.2337999702431,"{'[0.0,0.1)': 5.0, '[0.1,0.2)': 0.0, '[0.2,0.4)': 0.0, '[0.4,0.6)': 0.0, '[0.6,1.0)': 0.0}"
OraclePreview_0.01_0.01_0.001,OraclePreview,0.01|0.01|0.001,cloud_edge,1,cloud_edge_seed1,0,9.612331276040422,0.5555555555555556,0.0,0.5555555555555556,100.0,1.0,0.5843502675511004,0.002921751337755502,4.272000469155912e-05,0.0,0.0,8.098386885447926e-05,0.0,0.003075495487586538,1.8910302899764075e-05,5.0,0.4166666666666667,10.0,318.9676325689409,1180.7207000092603,"{'[0.0,0.1)': 5.0, '[0.1,0.2)': 0.0, '[0.2,0.4)': 0.0, '[0.4,0.6)': 0.0, '[0.6,1.0)': 0.0}"
OraclePreview_0.01_0.01_0.001,OraclePreview,0.01|0.01|0.001,cloud_edge,2,cloud_edge_seed2,0,9.696933562989296,2.430555555555556,0.0,2.430555555555556,100.0,1.0,10.873910643818698,0.054369553219093494,0.0008945394697102922,0.0,0.0,0.028528960590902035,0.0,0.0572305885177401,0.0065485497401714995,5.5,0.5,12.0,398.1423234012052,1255.2141000051051,"{'[0.0,0.1)': 5.5, '[0.1,0.2)': 0.5, '[0.2,0.4)': 0.0, '[0.4,0.6)': 0.0, '[0.6,1.0)': 0.0}"
OraclePreview_0.01_0.01_0.001,OraclePreview,0.01|0.01|0.001,cloud_edge,3,cloud_edge_seed3,0,8.918382250578189,3.3333333333333335,0.0,3.3333333333333335,100.0,1.0,14.076988476549836,0.07038494238274919,0.0011992348033203794,0.0,0.0,0.038403882450515944,0.0,0.07407636928518835,0.0109429198832227,20.5,1.75,42.0,966.9779356250526,1174.2856000200845,"{'[0.0,0.1)': 20.5, '[0.1,0.2)': 0.5, '[0.2,0.4)': 0.0, '[0.4,0.6)': 0.0, '[0.6,1.0)': 0.0}"
OraclePreview_0.01_0.01_0.001,OraclePreview,0.01|0.01|0.001,cloud_edge,4,cloud_edge_seed4,0,9.191746605486019,0.625,0.0,0.625,100.0,1.0,2.3862619450112588,0.011931309725056294,0.00017810920149383277,0.0,0.0,0.0025641885124478184,0.0,0.012556685148516294,0.0003147014851987249,8.5,0.75,18.0,805.4476902084893,1211.0247000236996,"{'[0.0,0.1)': 9.0, '[0.1,0.2)': 0.0, '[0.2,0.4)': 0.0, '[0.4,0.6)': 0.0, '[0.6,1.0)': 0.0}"
OraclePreview_0.01_0.01_0.001,OraclePreview,0.01|0.01|0.001,load_step,0,load_step_seed0,0,8.890349884602914,3.888888888888889,0.0,3.888888888888889,100.0,1.0,18.262953484600864,0.09131476742300432,0.0016259691992378347,0.0,0.0,0.05706789098518712,0.0,0.09612006566641221,0.018474714517523954,9.5,0.8333333333333334,20.0,953.8728102782948,1219.456800026819,"{'[0.0,0.1)': 9.5, '[0.1,0.2)': 0.5, '[0.2,0.4)': 0.0, '[0.4,0.6)': 0.0, '[0.6,1.0)': 0.0}"
OraclePreview_0.01_0.01_0.001,OraclePreview,0.01|0.01|0.001,load_step,1,load_step_seed1,0,9.319597967136739,3.4722222222222223,0.0,3.4722222222222223,100.0,1.0,18.08856854783651,0.09044284273918254,0.0016075758125448272,0.0,0.0,0.055285178628189054,0.0,0.0952009709145965,0.01811243503767058,12.5,1.0833333333333333,26.0,997.8788143054569,1261.6666000103578,"{'[0.0,0.1)': 12.5, '[0.1,0.2)': 0.5, '[0.2,0.4)': 0.0, '[0.4,0.6)': 0.0, '[0.6,1.0)': 0.0}"
OraclePreview_0.01_0.01_0.001,OraclePreview,0.01|0.01|0.001,load_step,2,load_step_seed2,0,9.51077278823305,3.125,0.0,3.125,100.0,1.0,17.841037300467743,0.08920518650233872,0.0015816505874571428,0.0,0.0,0.053138401221931794,0.0,0.0939000088128126,0.01763372129354044,3.5,0.3333333333333333,8.0,941.3642814572086,1228.3439000020735,"{'[0.0,0.1)': 3.5, '[0.1,0.2)': 0.5, '[0.2,0.4)': 0.0, '[0.4,0.6)': 0.0, '[0.6,1.0)': 0.0}"
OraclePreview_0.01_0.01_0.001,OraclePreview,0.01|0.01|0.001,load_step,3,load_step_seed3,0,9.290231985175243,1.875,0.0,1.875,100.0,1.0,6.938667057550862,0.03469333528775431,0.0005459388536358969,0.0,0.0,0.00902849057072077,0.0,0.036518403361918333,0.0026648259527885625,11.5,1.0,24.0,976.0016055553327,1281.5480999997817,"{'[0.0,0.1)': 12.0, '[0.1,0.2)': 0.0, '[0.2,0.4)': 0.0, '[0.4,0.6)': 0.0, '[0.6,1.0)': 0.0}"
OraclePreview_0.01_0.01_0.001,OraclePreview,0.01|0.01|0.001,load_step,4,load_step_seed4,0,8.991262644085728,1.5277777777777777,0.0,1.5277777777777777,100.0,1.0,5.6696850613168355,0.028348425306584178,0.0004395562514120957,0.0,0.0,0.013637196659177994,0.0,0.02983715904803072,0.0017742074866132342,11.5,1.0,24.0,843.9986072922087,1193.485600000713,"{'[0.0,0.1)': 12.0, '[0.1,0.2)': 0.0, '[0.2,0.4)': 0.0, '[0.4,0.6)': 0.0, '[0.6,1.0)': 0.0}"
OraclePreview_0.01_0.01_0.001,OraclePreview,0.01|0.01|0.001,mixed,0,mixed_seed0,0,9.117834314840842,1.6666666666666667,0.0,1.6666666666666667,100.0,1.0,3.986453254535065,0.019932266272675324,0.0003031384859265566,0.0,0.0,0.005018757764209957,0.0,0.020979151307523924,0.0008768774700056594,13.5,1.1666666666666667,28.0,810.4525761804931,1224.0530999843031,"{'[0.0,0.1)': 14.0, '[0.1,0.2)': 0.0, '[0.2,0.4)': 0.0, '[0.4,0.6)': 0.0, '[0.6,1.0)': 0.0}"
OraclePreview_0.01_0.01_0.001,OraclePreview,0.01|0.01|0.001,mixed,1,mixed_seed1,0,9.543129986508935,0.3472222222222222,0.0,0.3472222222222222,100.0,1.0,0.3232489797716707,0.0016162448988583536,2.3560153971590006e-05,0.0,0.0,1.4212966861670127e-05,0.0,0.0017013098936723148,5.788859605637014e-06,3.0,0.25,6.0,87.10924888926255,1162.5903000240214,"{'[0.0,0.1)': 3.0, '[0.1,0.2)': 0.0, '[0.2,0.4)': 0.0, '[0.4,0.6)': 0.0, '[0.6,1.0)': 0.0}"
OraclePreview_0.01_0.01_0.001,OraclePreview,0.01|0.01|0.001,mixed,2,mixed_seed2,0,9.641752320739363,1.9444444444444444,0.0,1.9444444444444444,100.0,1.0,10.797317069282588,0.053986585346412944,0.0008874859696968501,0.0,0.0,0.02991698317622465,0.0,0.056826360315469865,0.006451689319639404,5.5,0.5,12.0,380.97413319406365,1190.8325999975204,"{'[0.0,0.1)': 5.5, '[0.1,0.2)': 0.5, '[0.2,0.4)': 0.0, '[0.4,0.6)': 0.0, '[0.6,1.0)': 0.0}"
OraclePreview_0.01_0.01_0.001,OraclePreview,0.01|0.01|0.001,mixed,3,mixed_seed3,0,8.534535909720535,2.2916666666666665,0.0,2.2916666666666665,100.0,1.0,9.02923169748525,0.045146158487426244,0.000727532316281785,0.0,0.0,0.02083752912205188,0.0,0.047520948781382966,0.004513242645532283,10.5,0.9166666666666666,22.0,986.8923175691938,1256.222299998626,"{'[0.0,0.1)': 11.0, '[0.1,0.2)': 0.0, '[0.2,0.4)': 0.0, '[0.4,0.6)': 0.0, '[0.6,1.0)': 0.0}"
OraclePreview_0.01_0.01_0.001,OraclePreview,0.01|0.01|0.001,mixed,4,mixed_seed4,0,9.169357829498148,0.7638888888888888,0.0,0.7638888888888888,100.0,1.0,1.5598212209538895,0.0077991061047694476,0.00011533480206950131,0.0,0.0,0.0009336994067526056,0.0,0.008209398508663202,0.0001346770112765151,7.0,0.5833333333333334,14.0,302.89507638893457,1171.3765999884345,"{'[0.0,0.1)': 7.0, '[0.1,0.2)': 0.0, '[0.2,0.4)': 0.0, '[0.4,0.6)': 0.0, '[0.6,1.0)': 0.0}"
OraclePreview_0.01_0.01_0.001,OraclePreview,0.01|0.01|0.001,wind_gust,0,wind_gust_seed0,0,9.346268371056247,0.2777777777777778,0.0,0.2777777777777778,100.0,1.0,0.9096415233851992,0.004548207616925996,6.675426364745104e-05,0.0,0.0,5.40673606209236e-06,0.0,0.0047875797599966075,4.5840323701620015e-05,3.0,0.25,6.0,297.71654215300157,1183.873100031633,"{'[0.0,0.1)': 3.0, '[0.1,0.2)': 0.0, '[0.2,0.4)': 0.0, '[0.4,0.6)': 0.0, '[0.6,1.0)': 0.0}"
OraclePreview_0.01_0.01_0.001,OraclePreview,0.01|0.01|0.001,wind_gust,1,wind_gust_seed1,0,9.761570834547495,0.1388888888888889,0.0,0.1388888888888889,100.0,1.0,0.10624277077885111,0.0005312138538942555,7.625277472177839e-06,0.0,0.0,1.72626472483426e-10,0.0,0.0005520509638792526,5.954902001711398e-07,2.0,0.16666666666666666,4.0,28.861423473548104,1116.2520000361837,"{'[0.0,0.1)': 2.0, '[0.1,0.2)': 0.0, '[0.2,0.4)': 0.0, '[0.4,0.6)': 0.0, '[0.6,1.0)': 0.0}"
OraclePreview_0.01_0.01_0.001,OraclePreview,0.01|0.01|0.001,wind_gust,2,wind_gust_seed2,0,10.300598373310375,1.4583333333333333,0.0,1.4583333333333333,100.0,1.0,9.150318611065199,0.045751593055325994,0.0007383025386711501,0.0,0.0,0.02074995922855664,0.0,0.04815739271101746,0.004630553783370493,10.5,0.9166666666666666,22.0,395.7216356245529,1210.5386999901384,"{'[0.0,0.1)': 11.0, '[0.1,0.2)': 0.0, '[0.2,0.4)': 0.0, '[0.4,0.6)': 0.0, '[0.6,1.0)': 0.0}"
OraclePreview_0.01_0.01_0.001,OraclePreview,0.01|0.01|0.001,wind_gust,3,wind_gust_seed3,0,9.587776442499834,1.875,0.0,1.875,100.0,1.0,6.90357777586233,0.03451788887931165,0.000542906635864204,0.0,0.0,0.014432477550398125,0.0,0.036332356749923134,0.00263404793362528,13.5,1.1666666666666667,28.0,978.8227943747593,1177.778999961447,"{'[0.0,0.1)': 14.0, '[0.1,0.2)': 0.0, '[0.2,0.4)': 0.0, '[0.4,0.6)': 0.0, '[0.6,1.0)': 0.0}"
OraclePreview_0.01_0.01_0.001,OraclePreview,0.01|0.01|0.001,wind_gust,4,wind_gust_seed4,0,10.175015157207126,0.3472222222222222,0.0,0.3472222222222222,100.0,1.0,1.2011431152931817,0.006005715576465909,8.843971044071747e-05,0.0,0.0,4.918574916507565e-05,0.0,0.006321448434323335,7.975558876291292e-05,5.0,0.4166666666666667,10.0,303.35187861100064,1188.10529995244,"{'[0.0,0.1)': 5.0, '[0.1,0.2)': 0.0, '[0.2,0.4)': 0.0, '[0.4,0.6)': 0.0, '[0.6,1.0)': 0.0}"
OraclePreview_0.1_0.01_0.001,OraclePreview,0.1|0.01|0.001,cloud_edge,0,cloud_edge_seed0,0,9.085729598260176,1.5277777777777777,0.0,1.5277777777777777,100.0,1.0,0.8723875433572923,0.0043619377167864615,6.399249197234236e-05,0.0,0.0,6.966878472183497e-05,0.0,0.004591500924348069,4.2159859173846666e-05,16.5,1.375,33.0,177.17160340394508,1112.4416000093333,"{'[0.0,0.1)': 16.5, '[0.1,0.2)': 0.0, '[0.2,0.4)': 0.0, '[0.4,0.6)': 0.0, '[0.6,1.0)': 0.0}"
OraclePreview_0.1_0.01_0.001,OraclePreview,0.1|0.01|0.001,cloud_edge,1,cloud_edge_seed1,0,9.582567467546722,0.7638888888888888,0.0,0.7638888888888888,100.0,1.0,0.3546272081017309,0.0017731360405086544,2.5856609492803766e-05,0.0,0.0,2.8567600636338805e-08,0.0,0.0018664570251669954,6.9672048836806765e-06,9.5,0.7916666666666666,19.0,85.98000458368915,1141.9520999770612,"{'[0.0,0.1)': 9.5, '[0.1,0.2)': 0.0, '[0.2,0.4)': 0.0, '[0.4,0.6)': 0.0, '[0.6,1.0)': 0.0}"
OraclePreview_0.1_0.01_0.001,OraclePreview,0.1|0.01|0.001,cloud_edge,2,cloud_edge_seed2,0,9.67644330357038,4.375,0.0,4.375,100.0,1.0,9.07274107830972,0.0453637053915486,0.0007314464746216962,0.0,0.0,0.02297972812863492,0.0,0.04775126507631228,0.004560355242405101,10.5,0.875,21.0,278.8163552781043,1158.1410999642685,"{'[0.0,0.1)': 11.0, '[0.1,0.2)': 0.0, '[0.2,0.4)': 0.0, '[0.4,0.6)': 0.0, '[0.6,1.0)': 0.0}"
OraclePreview_0.1_0.01_0.001,OraclePreview,0.1|0.01|0.001,cloud_edge,3,cloud_edge_seed3,0,8.809739214962718,6.111111111111111,0.0,6.111111111111111,100.0,1.0,11.765956505615295,0.058829782528076476,0.0009776025437062148,0.0,0.0,0.034191064801609404,0.0,0.0619258819620655,0.007669464904423749,19.0,1.625,39.0,599.1940265979792,1146.4915999677032,"{'[0.0,0.1)': 19.0, '[0.1,0.2)': 0.5, '[0.2,0.4)': 0.0, '[0.4,0.6)': 0.0, '[0.6,1.0)': 0.0}"
OraclePreview_0.1_0.01_0.001,OraclePreview,0.1|0.01|0.001,cloud_edge,4,cloud_edge_seed4,0,9.19174660457959,1.5277777777777777,0.0,1.5277777777777777,100.0,1.0,1.4639933548723647,0.007319966774361824,0.00010811783861584876,0.0,0.0,4.773146398686188e-05,0.0,0.007704353564930877,0.00011821609211691786,13.5,1.125,27.0,345.2761820143577,1121.8433000030927,"{'[0.0,0.1)': 13.5, '[0.1,0.2)': 0.0, '[0.2,0.4)': 0.0, '[0.4,0.6)': 0.0, '[0.6,1.0)': 0.0}"
OraclePreview_0.1_0.01_0.001,OraclePreview,0.1|0.01|0.001,load_step,0,load_step_seed0,0,8.845342434223983,6.666666666666667,0.0,6.666666666666667,100.0,1.0,15.547424195361877,0.07773712097680939,0.0013458630802696317,0.0,0.0,0.05599392411305252,0.0,0.0818285230551569,0.013391674043962317,18.5,1.5416666666666667,37.0,599.033389236259,1228.1793000292964,"{'[0.0,0.1)': 18.5, '[0.1,0.2)': 0.5, '[0.2,0.4)': 0.0, '[0.4,0.6)': 0.0, '[0.6,1.0)': 0.0}"
OraclePreview_0.1_0.01_0.001,OraclePreview,0.1|0.01|0.001,load_step,1,load_step_seed1,0,9.278601242216405,7.291666666666667,0.0,7.291666666666667,100.0,1.0,15.572106111273664,0.07786053055636832,0.0013483469181030116,0.0,0.0,0.054724573547923316,0.0,0.0819582825787559,0.013433290576328251,19.5,1.6666666666666667,40.0,637.916602221877,1154.5904999948107,"{'[0.0,0.1)': 19.5, '[0.1,0.2)': 0.5, '[0.2,0.4)': 0.0, '[0.4,0.6)': 0.0, '[0.6,1.0)': 0.0}"
OraclePreview_0.1_0.01_0.001,OraclePreview,0.1|0.01|0.001,load_step,2,load_step_seed2,0,9.352024901656707,6.875000000000001,0.0,6.875000000000001,100.0,1.0,14.852756223372337,0.07426378111686169,0.0012762628348524793,0.0,0.0,0.05058152797926299,0.0,0.07817229689035135,0.012221592527002088,11.0,0.9583333333333334,23.0,498.43648611086894,1153.7156999693252,"{'[0.0,0.1)': 11.0, '[0.1,0.2)': 0.5, '[0.2,0.4)': 0.0, '[0.4,0.6)': 0.0, '[0.6,1.0)': 0.0}"
OraclePreview_0.1_0.01_0.001,OraclePreview,0.1|0.01|0.001,load_step,3,load_step_seed3,0,9.221001748113032,3.194444444444444,0.0,3.194444444444444,100.0,1.0,5.751345492017596,0.02875672746008798,0.00044642546545418824,0.0,0.0,0.002571742407445025,0.0,0.030270198855162467,0.0018324814988376992,18.0,1.5416666666666667,37.0,519.4972213188319,1229.156699962914,"{'[0.0,0.1)': 18.5, '[0.1,0.2)': 0.0, '[0.2,0.4)': 0.0, '[0.4,0.6)': 0.0, '[0.6,1.0)': 0.0}"
OraclePreview_0.1_0.01_0.001,OraclePreview,0.1|0.01|0.001,load_step,4,load_step_seed4,0,8.919703897991562,3.6111111111111107,0.0,3.6111111111111107,100.0,1.0,4.403723131820331,0.022018615659101654,0.00033655012793894126,0.0,0.0,0.005331718406512754,0.0,0.02317748184465132,0.0010743781684708499,14.5,1.25,30.0,404.3454463176911,1161.85829997994,"{'[0.0,0.1)': 15.0, '[0.1,0.2)': 0.0, '[0.2,0.4)': 0.0, '[0.4,0.6)': 0.0, '[0.6,1.0)': 0.0}"
OraclePreview_0.1_0.01_0.001,OraclePreview,0.1|0.01|0.001,mixed,0,mixed_seed0,0,9.100503556095752,2.638888888888889,0.0,2.638888888888889,100.0,1.0,3.127593459063574,0.01563796729531787,0.0002355047343225047,0.0,0.0,0.000794532883484335,0.0,0.016460473921866475,0.0005412318680481043,18.0,1.5833333333333333,38.0,242.59863659685328,1147.8818000177853,"{'[0.0,0.1)': 18.5, '[0.1,0.2)': 0.0, '[0.2,0.4)': 0.0, '[0.4,0.6)': 0.0, '[0.6,1.0)': 0.0}"
OraclePreview_0.1_0.01_0.001,OraclePreview,0.1|0.01|0.001,mixed,1,mixed_seed1,0,9.543129986508935,0.3472222222222222,0.0,0.3472222222222222,100.0,1.0,0.16896069261555652,0.0008448034630777826,1.2292646864204166e-05,0.0,0.0,3.764227912148987e-10,0.0,0.0008892667527873876,1.581588820392421e-06,11.0,0.9166666666666666,22.0,47.89750118074557,1097.3340999917127,"{'[0.0,0.1)': 11.0, '[0.1,0.2)': 0.0, '[0.2,0.4)': 0.0, '[0.4,0.6)': 0.0, '[0.6,1.0)': 0.0}"
OraclePreview_0.1_0.01_0.001,OraclePreview,0.1|0.01|0.001,mixed,2,mixed_seed2,0,9.634281735528761,4.513888888888888,0.0,4.513888888888888,100.0,1.0,8.790576446919104,0.04395288223459552,0.0007064385804211687,0.0,0.0,0.020526427251611936,0.0,0.04626617515203185,0.004281062142009928,12.5,1.0416666666666667,25.0,266.80554284717397,1168.021099991165,"{'[0.0,0.1)': 13.0, '[0.1,0.2)': 0.0, '[0.2,0.4)': 0.0, '[0.4,0.6)': 0.0, '[0.6,1.0)': 0.0}"
OraclePreview_0.1_0.01_0.001,OraclePreview,0.1|0.01|0.001,mixed,3,mixed_seed3,0,8.534535909712906,4.930555555555555,0.0,4.930555555555555,100.0,1.0,7.485712991100401,0.03742856495550201,0.0005927151172407294,0.0,0.0,0.014071589306510127,0.0,0.039398473057025096,0.003104434925420275,23.0,1.9583333333333333,47.0,562.457652292182,1138.7088000192307,"{'[0.0,0.1)': 23.5, '[0.1,0.2)': 0.0, '[0.2,0.4)': 0.0, '[0.4,0.6)': 0.0, '[0.6,1.0)': 0.0}"
OraclePreview_0.1_0.01_0.001,OraclePreview,0.1|0.01|0.001,mixed,4,mixed_seed4,0,9.16935782953655,1.3888888888888888,0.0,1.3888888888888888,100.0,1.0,0.9442743906010331,0.0047213719530051655,6.932344273753136e-05,0.0,0.0,1.887543926331545e-05,0.0,0.004969836992190335,4.938825148727476e-05,11.5,0.9166666666666666,22.0,322.18516041810085,1152.104299981147,"{'[0.0,0.1)': 11.5, '[0.1,0.2)': 0.0, '[0.2,0.4)': 0.0, '[0.4,0.6)': 0.0, '[0.6,1.0)': 0.0}"
OraclePreview_0.1_0.01_0.001,OraclePreview,0.1|0.01|0.001,wind_gust,0,wind_gust_seed0,0,9.346268361336383,0.4861111111111111,0.0,0.4861111111111111,100.0,1.0,0.6328230067663227,0.0031641150338316136,4.6290175274765803e-05,0.0,0.0,1.4112108106781121e-09,0.0,0.003330634223542267,2.218307293755419e-05,7.0,0.5833333333333334,14.0,133.84456868079724,1137.7369000110775,"{'[0.0,0.1)': 7.0, '[0.1,0.2)': 0.0, '[0.2,0.4)': 0.0, '[0.4,0.6)': 0.0, '[0.6,1.0)': 0.0}"
OraclePreview_0.1_0.01_0.001,OraclePreview,0.1|0.01|0.001,wind_gust,1,wind_gust_seed1,0,9.761570834547495,0.1388888888888889,0.0,0.1388888888888889,100.0,1.0,0.07455735413487856,0.0003727867706743928,5.418411216363852e-06,0.0,0.0,3.150062481419133e-10,0.0,0.00039240700639672776,3.079663444661336e-07,2.5,0.20833333333333334,5.0,19.20273270912326,1087.2544999583624,"{'[0.0,0.1)': 2.5, '[0.1,0.2)': 0.0, '[0.2,0.4)': 0.0, '[0.4,0.6)': 0.0, '[0.6,1.0)': 0.0}"
OraclePreview_0.1_0.01_0.001,OraclePreview,0.1|0.01|0.001,wind_gust,2,wind_gust_seed2,0,10.279614354724975,3.8194444444444446,0.0,3.8194444444444446,100.0,1.0,7.847824340808195,0.03923912170404097,0.0006239497338419697,0.0,0.0,0.01289855795017199,0.0,0.0413039472364046,0.0034108365748035676,16.0,1.3333333333333333,32.0,256.56832541668945,1199.8209999874234,"{'[0.0,0.1)': 16.5, '[0.1,0.2)': 0.0, '[0.2,0.4)': 0.0, '[0.4,0.6)': 0.0, '[0.6,1.0)': 0.0}"
OraclePreview_0.1_0.01_0.001,OraclePreview,0.1|0.01|0.001,wind_gust,3,wind_gust_seed3,0,9.58777644251477,3.4027777777777777,0.0,3.4027777777777777,100.0,1.0,5.406853539617956,0.027034267698089778,0.0004180249925351252,0.0,0.0,0.003896788763625635,0.0,0.028457108613168275,0.0016195837935951169,19.0,1.625,39.0,511.5578398601226,1190.824400051497,"{'[0.0,0.1)': 19.5, '[0.1,0.2)': 0.0, '[0.2,0.4)': 0.0, '[0.4,0.6)': 0.0, '[0.6,1.0)': 0.0}"
OraclePreview_0.1_0.01_0.001,OraclePreview,0.1|0.01|0.001,wind_gust,4,wind_gust_seed4,0,10.175015157207126,0.8333333333333334,0.0,0.8333333333333334,100.0,1.0,0.8131400215235222,0.004065700107617611,5.960455518095226e-05,0.0,0.0,1.0705635545541141e-08,0.0,0.004279631541188378,3.661385523166281e-05,10.0,0.8333333333333334,20.0,134.42183659713515,1155.7579999789596,"{'[0.0,0.1)': 10.0, '[0.1,0.2)': 0.0, '[0.2,0.4)': 0.0, '[0.4,0.6)': 0.0, '[0.6,1.0)': 0.0}"
OraclePreview_1_0.01_0.001,OraclePreview,1|0.01|0.001,cloud_edge,0,cloud_edge_seed0,0,9.085729598260176,1.5277777777777777,0.0,1.5277777777777777,100.0,1.0,0.7679228060733229,0.0038396140303666145,5.626129746734905e-05,0.0,0.0,1.0661317461669462e-06,0.0,0.004041698544766131,3.2670604257075803e-05,23.5,2.0,48.0,72.08634979207191,1177.839000010863,"{'[0.0,0.1)': 23.5, '[0.1,0.2)': 0.0, '[0.2,0.4)': 0.0, '[0.4,0.6)': 0.0, '[0.6,1.0)': 0.0}"
OraclePreview_1_0.01_0.001,OraclePreview,1|0.01|0.001,cloud_edge,1,cloud_edge_seed1,0,9.581776091903997,0.7638888888888888,0.0,0.7638888888888888,100.0,1.0,0.3218608888504902,0.001609304444252451,2.3458608747500113e-05,0.0,0.0,5.7132122251134074e-11,0.0,0.0016940045955436411,5.739293529899512e-06,10.5,1.0833333333333333,26.0,41.428613263148385,1113.5644999449141,"{'[0.0,0.1)': 10.5, '[0.1,0.2)': 0.0, '[0.2,0.4)': 0.0, '[0.4,0.6)': 0.0, '[0.6,1.0)': 0.0}"
OraclePreview_1_0.01_0.001,OraclePreview,1|0.01|0.001,cloud_edge,2,cloud_edge_seed2,0,9.67644330357038,6.666666666666667,0.0,6.666666666666667,100.0,1.0,8.718935028534743,0.04359467514267371,0.0007001104272310746,0.0,0.0,0.02173776854577069,0.0,0.04588908863336272,0.004211470644301578,15.0,1.5,36.0,137.00543972158306,1254.0869999793358,"{'[0.0,0.1)': 15.5, '[0.1,0.2)': 0.0, '[0.2,0.4)': 0.0, '[0.4,0.6)': 0.0, '[0.6,1.0)': 0.0}"
OraclePreview_1_0.01_0.001,OraclePreview,1|0.01|0.001,cloud_edge,3,cloud_edge_seed3,0,8.801379433423653,8.61111111111111,0.0,8.61111111111111,100.0,1.0,11.33524507818292,0.0566762253909146,0.0009372804636935692,0.0,0.0,0.03418715747713401,0.0,0.059658196316145606,0.0071138378241350705,23.0,1.9166666666666667,46.0,184.05065513951638,1146.134799986612,"{'[0.0,0.1)': 23.0, '[0.1,0.2)': 0.5, '[0.2,0.4)': 0.0, '[0.4,0.6)': 0.0, '[0.6,1.0)': 0.0}"
OraclePreview_1_0.01_0.001,OraclePreview,1|0.01|0.001,cloud_edge,4,cloud_edge_seed4,0,9.191746604595057,1.6666666666666667,0.0,1.6666666666666667,100.0,1.0,1.3358220313038192,0.006679110156519096,9.85175942868427e-05,0.0,0.0,6.933268264560859e-08,0.0,0.0070306417763524864,9.885972557278169e-05,18.0,1.5416666666666667,37.0,67.75766076336569,1110.591900011059,"{'[0.0,0.1)': 18.0, '[0.1,0.2)': 0.0, '[0.2,0.4)': 0.0, '[0.4,0.6)': 0.0, '[0.6,1.0)': 0.0}"
OraclePreview_1_0.01_0.001,OraclePreview,1|0.01|0.001,load_step,0,load_step_seed0,0,8.843146365091,10.13888888888889,0.0,10.13888888888889,100.0,1.0,14.987038919787368,0.07493519459893684,0.0012894997179944434,0.0,0.0,0.05331439046133499,0.0,0.07887615969496056,0.012425429712185654,25.0,2.0833333333333335,50.0,209.8552007640036,1155.357500014361,"{'[0.0,0.1)': 25.0, '[0.1,0.2)': 0.5, '[0.2,0.4)': 0.0, '[0.4,0.6)': 0.0, '[0.6,1.0)': 0.0}"
OraclePreview_1_0.01_0.001,OraclePreview,1|0.01|0.001,load_step,1,load_step_seed1,0,9.27860125390947,10.347222222222221,0.0,10.347222222222221,100.0,1.0,14.912742521222787,0.07456371260611394,0.001282235884802772,0.0,0.0,0.05434191023677889,0.0,0.07848789014139768,0.012319371119599853,22.0,2.0416666666666665,49.0,219.59984666593502,1149.4362999801524,"{'[0.0,0.1)': 22.0, '[0.1,0.2)': 0.5, '[0.2,0.4)': 0.0, '[0.4,0.6)': 0.0, '[0.6,1.0)': 0.0}"
OraclePreview_1_0.01_0.001,OraclePreview,1|0.01|0.001,load_step,2,load_step_seed2,0,9.334572542520615,10.13888888888889,0.0,10.13888888888889,100.0,1.0,14.251446651283054,0.07125723325641527,0.001216691150188755,0.0,0.0,0.04940960408506815,0.0,0.07500731456670673,0.011250532043560304,15.0,1.2916666666666667,31.0,201.35623548590553,1145.8789000171237,"{'[0.0,0.1)': 15.0, '[0.1,0.2)': 0.5, '[0.2,0.4)': 0.0, '[0.4,0.6)': 0.0, '[0.6,1.0)': 0.0}"
OraclePreview_1_0.01_0.001,OraclePreview,1|0.01|0.001,load_step,3,load_step_seed3,0,9.221001748107483,3.8194444444444446,0.0,3.8194444444444446,100.0,1.0,5.525957606510438,0.027629788032552192,0.00042782016159352153,0.0,0.0,0.00037180897756886245,0.0,0.02908398595323705,0.001691754115968746,21.0,1.8333333333333333,44.0,114.75028506974922,1116.783100005705,"{'[0.0,0.1)': 21.5, '[0.1,0.2)': 0.0, '[0.2,0.4)': 0.0, '[0.4,0.6)': 0.0, '[0.6,1.0)': 0.0}"
OraclePreview_1_0.01_0.001,OraclePreview,1|0.01|0.001,load_step,4,load_step_seed4,0,8.919703897970805,4.305555555555555,0.0,4.305555555555555,100.0,1.0,4.168365813404847,0.020841829067024236,0.00031769743539165787,0.0,0.0,0.0016897310680751704,0.0,0.021938766683502142,0.0009626179399691829,16.5,1.375,33.0,103.80910652606366,1119.7163999895565,"{'[0.0,0.1)': 17.0, '[0.1,0.2)': 0.0, '[0.2,0.4)': 0.0, '[0.4,0.6)': 0.0, '[0.6,1.0)': 0.0}"
OraclePreview_1_0.01_0.001,OraclePreview,1|0.01|0.001,mixed,0,mixed_seed0,0,9.100503556094646,2.986111111111111,0.0,2.986111111111111,100.0,1.0,2.999896571804599,0.014999482859022995,0.0002255659993277679,0.0,0.0,9.282132081335727e-05,0.0,0.015788928519187395,0.0004985798013622641,26.0,2.2916666666666665,55.0,97.73638951329404,1134.9505999824032,"{'[0.0,0.1)': 26.5, '[0.1,0.2)': 0.0, '[0.2,0.4)': 0.0, '[0.4,0.6)': 0.0, '[0.6,1.0)': 0.0}"
OraclePreview_1_0.01_0.001,OraclePreview,1|0.01|0.001,mixed,1,mixed_seed1,0,9.543129986508935,0.3472222222222222,0.0,0.3472222222222222,100.0,1.0,0.14561273384022327,0.0007280636692011163,1.0591092556024267e-05,0.0,0.0,2.702582016745797e-11,0.0,0.0007663826502399274,1.1746784055042545e-06,13.5,1.125,27.0,30.0480703456641,1127.2649000165984,"{'[0.0,0.1)': 13.5, '[0.1,0.2)': 0.0, '[0.2,0.4)': 0.0, '[0.4,0.6)': 0.0, '[0.6,1.0)': 0.0}"
OraclePreview_1_0.01_0.001,OraclePreview,1|0.01|0.001,mixed,2,mixed_seed2,0,9.600648240337316,6.527777777777779,0.0,6.527777777777779,100.0,1.0,8.509719994196447,0.04254859997098223,0.0006816943220791217,0.0,0.0,0.020521413774357903,0.0,0.04478799855661403,0.004011925071575557,12.0,1.25,30.0,138.42151743010618,1121.0850999923423,"{'[0.0,0.1)': 12.5, '[0.1,0.2)': 0.0, '[0.2,0.4)': 0.0, '[0.4,0.6)': 0.0, '[0.6,1.0)': 0.0}"
OraclePreview_1_0.01_0.001,OraclePreview,1|0.01|0.001,mixed,3,mixed_seed3,0,8.534535909723099,7.013888888888889,0.0,7.013888888888889,100.0,1.0,7.222992170617965,0.03611496085308982,0.000570199923160406,0.0,0.0,0.013900651059312494,0.0,0.03801574692103013,0.0028903906675539037,24.0,2.0,48.0,161.21635159700722,1128.3222999772988,"{'[0.0,0.1)': 24.5, '[0.1,0.2)': 0.0, '[0.2,0.4)': 0.0, '[0.4,0.6)': 0.0, '[0.6,1.0)': 0.0}"
OraclePreview_1_0.01_0.001,OraclePreview,1|0.01|0.001,mixed,4,mixed_seed4,0,9.169357829498148,1.4583333333333333,0.0,1.4583333333333333,100.0,1.0,0.8450317775236298,0.004225158887618149,6.196628587230078e-05,0.0,0.0,2.3149578040414662e-08,0.0,0.004447535360660865,3.9561107072630455e-05,10.5,0.9583333333333334,23.0,53.370659722713754,1129.4081000378355,"{'[0.0,0.1)': 10.5, '[0.1,0.2)': 0.0, '[0.2,0.4)': 0.0, '[0.4,0.6)': 0.0, '[0.6,1.0)': 0.0}"
OraclePreview_1_0.01_0.001,OraclePreview,1|0.01|0.001,wind_gust,0,wind_gust_seed0,0,9.346268361350157,0.625,0.0,0.625,100.0,1.0,0.5848081294612424,0.002924040647306212,4.2754193263495855e-05,0.0,0.0,9.66679362679887e-11,0.0,0.0030779371331483285,1.8947376272908878e-05,10.5,0.9583333333333334,23.0,33.354136737317376,1090.036700014025,"{'[0.0,0.1)': 10.5, '[0.1,0.2)': 0.0, '[0.2,0.4)': 0.0, '[0.4,0.6)': 0.0, '[0.6,1.0)': 0.0}"
OraclePreview_1_0.01_0.001,OraclePreview,1|0.01|0.001,wind_gust,1,wind_gust_seed1,0,9.761570834547495,0.1388888888888889,0.0,0.1388888888888889,100.0,1.0,0.06896937141169006,0.0003448468570584503,5.011979748072029e-06,0.0,0.0,1.2444455117513537e-11,0.0,0.000362996471193866,2.63532561066168e-07,3.5,0.25,6.0,15.552934861665968,1129.0607000119053,"{'[0.0,0.1)': 3.5, '[0.1,0.2)': 0.0, '[0.2,0.4)': 0.0, '[0.4,0.6)': 0.0, '[0.6,1.0)': 0.0}"
OraclePreview_1_0.01_0.001,OraclePreview,1|0.01|0.001,wind_gust,2,wind_gust_seed2,0,10.27961435471701,5.347222222222222,0.0,5.347222222222222,100.0,1.0,7.678375227036901,0.03839187613518451,0.0006093080457897066,0.0,0.0,0.012280573700863055,0.0,0.04041249988030132,0.0032663364979455007,21.5,1.875,45.0,129.13523881907167,1141.9009999954142,"{'[0.0,0.1)': 22.0, '[0.1,0.2)': 0.0, '[0.2,0.4)': 0.0, '[0.4,0.6)': 0.0, '[0.6,1.0)': 0.0}"
OraclePreview_1_0.01_0.001,OraclePreview,1|0.01|0.001,wind_gust,3,wind_gust_seed3,0,9.587776442499033,4.583333333333333,0.0,4.583333333333333,100.0,1.0,5.131777491612474,0.02565888745806237,0.0003955020710997816,0.0,0.0,0.0007380769345973819,0.0,0.02700935410660768,0.0014590087841717635,20.0,1.6666666666666667,40.0,118.31936131849135,1120.8521999651566,"{'[0.0,0.1)': 20.5, '[0.1,0.2)': 0.0, '[0.2,0.4)': 0.0, '[0.4,0.6)': 0.0, '[0.6,1.0)': 0.0}"
OraclePreview_1_0.01_0.001,OraclePreview,1|0.01|0.001,wind_gust,4,wind_gust_seed4,0,10.175015157207126,1.1111111111111112,0.0,1.1111111111111112,100.0,1.0,0.7505656590296538,0.003752828295148269,5.4978518195165734e-05,0.0,0.0,1.2629798694139674e-10,0.0,0.003950345231250207,3.121040551840285e-05,11.5,0.9166666666666666,22.0,43.88045736013737,1120.2057999907993,"{'[0.0,0.1)': 11.5, '[0.1,0.2)': 0.0, '[0.2,0.4)': 0.0, '[0.4,0.6)': 0.0, '[0.6,1.0)': 0.0}"
