timestamp,load_kw,pv_kw,wind_kw,base_kw,peak_flag,scenario,seed,scenario_seed,day_id
2026-01-01 00:00:00,37.92202070732022,0.0,13.797587303582224,24.124433403737996,0,mixed,0,mixed_seed0,0
2026-01-01 00:01:00,37.25135206790204,0.0,13.611258136128834,23.640093931773208,0,mixed,0,mixed_seed0,0
2026-01-01 00:02:00,39.15678827482941,0.75125036319889,7.722255196168612,30.683282715461907,0,mixed,0,mixed_seed0,0
2026-01-01 00:03:00,37.79229820800903,0.0,5.152775171790729,32.6395230362183,0,mixed,0,mixed_seed0,0
2026-01-01 00:04:00,36.165390081424476,0.0,9.933228662250137,26.23216141917434,0,mixed,0,mixed_seed0,0
2026-01-01 00:05:00,38.383266568783625,0.0,10.99291712779814,27.390349440985485,0,mixed,0,mixed_seed0,0
2026-01-01 00:06:00,40.71419476088176,0.32458197807084704,9.747814018952303,30.64179876385861,0,mixed,0,mixed_seed0,0
2026-01-01 00:07:00,39.797013549358475,0.4969586759081312,7.765079518130686,31.53497535531966,0,mixed,0,mixed_seed0,0
2026-01-01 00:08:00,35.64529079617539,0.32909209955795066,9.652048781018607,25.66414991559883,0,mixed,0,mixed_seed0,0
2026-01-01 00:09:00,34.21659467282836,0.5506034924767372,9.463708412623188,24.202282767728434,0,mixed,0,mixed_seed0,0
2026-01-01 00:10:00,35.79768384551795,0.26442404685813653,14.445888917584872,21.087370881074943,0,mixed,0,mixed_seed0,0
2026-01-01 00:11:00,37.43510925053927,0.20550923457204737,15.844197971925627,21.385402044041594,0,mixed,0,mixed_seed0,0
2026-01-01 00:12:00,31.495344773142502,0.28436824019280804,22.691205677951636,8.519770854998058,0,mixed,0,mixed_seed0,0
2026-01-01 00:13:00,36.73727351923499,0.0,19.470981615986958,17.26629190324803,0,mixed,0,mixed_seed0,0
2026-01-01 00:14:00,34.146010292643034,0.7129967175578412,20.155232453747836,13.277781121337355,0,mixed,0,mixed_seed0,0
2026-01-01 00:15:00,35.40685871484911,0.0,19.615228330991037,15.79163038385807,0,mixed,0,mixed_seed0,0
2026-01-01 00:16:00,35.85382398726672,0.0,21.11634027466638,14.73748371260034,0,mixed,0,mixed_seed0,0
2026-01-01 00:17:00,36.400870737206056,0.5098701681710704,20.898373519865842,14.992627049169144,0,mixed,0,mixed_seed0,0
2026-01-01 00:18:00,38.198052928737006,1.110421667970889,20.65791810045439,16.429713160311728,0,mixed,0,mixed_seed0,0
2026-01-01 00:19:00,39.75282167815428,0.0,22.134805626834815,17.61801605131946,0,mixed,0,mixed_seed0,0
2026-01-01 00:20:00,36.80296989820011,0.0,23.98218710581059,12.820782792389522,0,mixed,0,mixed_seed0,0
2026-01-01 00:21:00,40.51844059047324,0.0,23.00439767487916,17.51404291559408,0,mixed,0,mixed_seed0,0
2026-01-01 00:22:00,35.417478065764946,0.0,22.383894383906167,13.03358368185878,0,mixed,0,mixed_seed0,0
2026-01-01 00:23:00,37.93763065230748,0.027655783067794818,18.566211622530847,19.34376324670884,0,mixed,0,mixed_seed0,0
2026-01-01 00:24:00,39.29612996241831,0.0,17.629836920211833,21.66629304220648,0,mixed,0,mixed_seed0,0
2026-01-01 00:25:00,37.25129299496882,0.0,15.51795358873506,21.73333940623376,0,mixed,0,mixed_seed0,0
2026-01-01 00:26:00,35.136530983993985,0.0,15.649691000565387,19.4868399834286,0,mixed,0,mixed_seed0,0
2026-01-01 00:27:00,34.67019203756717,0.0,32.75103738147112,1.9191546560960475,0,mixed,0,mixed_seed0,0
2026-01-01 00:28:00,35.80962719440237,0.0,30.80041065864941,5.009216535752955,0,mixed,0,mixed_seed0,0
2026-01-01 00:29:00,37.4840761486297,0.0,30.729427341486023,6.754648807143674,0,mixed,0,mixed_seed0,0
2026-01-01 00:30:00,34.38940015101772,0.0,31.41865892375219,2.9707412272655276,0,mixed,0,mixed_seed0,0
2026-01-01 00:31:00,36.37057501460992,0.7316127532395803,31.415015884160844,4.223946377209494,0,mixed,0,mixed_seed0,0
2026-01-01 00:32:00,36.475731220412364,0.3054354508437309,30.911298567493763,5.25899720207487,0,mixed,0,mixed_seed0,0
2026-01-01 00:33:00,38.20639932725143,0.0,29.160503023651835,9.045896303599598,0,mixed,0,mixed_seed0,0
2026-01-01 00:34:00,37.371636990481555,0.0,26.588752598876184,10.782884391605371,0,mixed,0,mixed_seed0,0
2026-01-01 00:35:00,35.465686132702025,0.0,24.691122769747064,10.77456336295496,0,mixed,0,mixed_seed0,0
2026-01-01 00:36:00,32.93500540602605,0.0,25.61612130898427,7.3188840970417814,0,mixed,0,mixed_seed0,0
2026-01-01 00:37:00,34.23802273683656,0.0,23.070219379595322,11.16780335724124,0,mixed,0,mixed_seed0,0
2026-01-01 00:38:00,36.51463334478669,0.4526314328210731,20.366019152273868,15.695982759691748,0,mixed,0,mixed_seed0,0
2026-01-01 00:39:00,38.28106896789315,0.0,21.220713481638903,17.060355486254245,0,mixed,0,mixed_seed0,0
2026-01-01 00:40:00,31.392782920540306,0.28088934569370816,22.60200915162104,8.509884423225557,0,mixed,0,mixed_seed0,0
2026-01-01 00:41:00,38.31837166300156,0.3160534590998563,19.979211118839267,18.023107085062435,0,mixed,0,mixed_seed0,0
2026-01-01 00:42:00,37.89152670353381,0.8252671870025321,19.021730877672205,18.044528638859077,0,mixed,0,mixed_seed0,0
2026-01-01 00:43:00,36.473553614035936,0.0,12.149418195570847,24.32413541846509,0,mixed,0,mixed_seed0,0
2026-01-01 00:44:00,35.17501280884474,1.0431612668549732,13.38144964797368,20.750401894016086,0,mixed,0,mixed_seed0,0
2026-01-01 00:45:00,33.722827566729876,0.7612891643347383,31.91762436500374,1.0439140373913958,0,mixed,0,mixed_seed0,0
2026-01-01 00:46:00,38.146610022595155,0.34383959540130393,32.55112445504848,5.2516459721453685,0,mixed,0,mixed_seed0,0
2026-01-01 00:47:00,39.39629124204841,1.4301553375404696,32.41471097790881,5.5514249265991324,0,mixed,0,mixed_seed0,0
2026-01-01 00:48:00,38.99398376964276,0.12298715875633875,32.33240386934073,6.538592741545692,0,mixed,0,mixed_seed0,0
2026-01-01 00:49:00,37.77207173268327,0.4928873496421309,31.92787956679738,5.351304816243761,0,mixed,0,mixed_seed0,0
2026-01-01 00:50:00,35.37234422465253,0.0,34.36330793599806,1.009036288654471,0,mixed,0,mixed_seed0,0
2026-01-01 00:51:00,31.45284320975727,0.6806144447710969,30.717787088189837,0.05444167679633338,0,mixed,0,mixed_seed0,0
2026-01-01 00:52:00,34.457417323972564,0.10069558183344869,28.462422921744615,5.8942988203945,0,mixed,0,mixed_seed0,0
2026-01-01 00:53:00,36.104819687720614,0.0,29.99580968165847,6.109010006062142,0,mixed,0,mixed_seed0,0
2026-01-01 00:54:00,31.237975758496905,1.2701635189895255,26.485417345923253,3.482394893584125,0,mixed,0,mixed_seed0,0
2026-01-01 00:55:00,35.44209955293154,0.0,23.47582550031086,11.966274052620676,0,mixed,0,mixed_seed0,0
2026-01-01 00:56:00,35.524537077627876,0.005316796565110576,20.12219334936645,15.397026931696313,0,mixed,0,mixed_seed0,0
2026-01-01 00:57:00,36.18573707333636,0.0,19.42306015721605,16.762676916120313,0,mixed,0,mixed_seed0,0
2026-01-01 00:58:00,31.48125727997216,0.0,22.65950998376901,8.82174729620315,0,mixed,0,mixed_seed0,0
2026-01-01 00:59:00,32.78338773114841,0.31876344031825693,25.75845657791746,6.706167712912691,0,mixed,0,mixed_seed0,0
2026-01-01 01:00:00,33.34281855362893,0.4430457622396386,22.15197529759937,10.747797493789921,0,mixed,0,mixed_seed0,0
2026-01-01 01:01:00,31.50583546762154,0.21262351664323517,19.259501089924456,12.033710861053851,0,mixed,0,mixed_seed0,0
2026-01-01 01:02:00,38.775365054788956,0.0,20.492447706225597,18.28291734856336,0,mixed,0,mixed_seed0,0
2026-01-01 01:03:00,33.18394572368198,0.604798202053851,20.346104660097794,12.233042861530336,0,mixed,0,mixed_seed0,0
2026-01-01 01:04:00,35.24309635230061,0.0,16.220924163845847,19.022172188454764,0,mixed,0,mixed_seed0,0
2026-01-01 01:05:00,33.77136368754831,0.0,19.38673628910452,14.38462739844379,0,mixed,0,mixed_seed0,0
2026-01-01 01:06:00,38.37377354178049,0.3619685754305848,15.52381678017656,22.487988186173343,0,mixed,0,mixed_seed0,0
2026-01-01 01:07:00,37.713464103778776,0.3377096522243177,13.698455954937387,23.67729849661707,0,mixed,0,mixed_seed0,0
2026-01-01 01:08:00,35.99358795355103,0.0,13.318695598355687,22.67489235519534,0,mixed,0,mixed_seed0,0
2026-01-01 01:09:00,28.899251390323226,1.4834614072995391,11.982135340632201,15.433654642391485,0,mixed,0,mixed_seed0,0
2026-01-01 01:10:00,34.53609361856231,0.0,13.02527765078848,21.51081596777383,0,mixed,0,mixed_seed0,0
2026-01-01 01:11:00,36.113407601399224,0.0,11.015423232369447,25.097984369029778,0,mixed,0,mixed_seed0,0
2026-01-01 01:12:00,36.91244330579974,0.0,12.696693108294031,24.21575019750571,0,mixed,0,mixed_seed0,0
2026-01-01 01:13:00,32.85629574054098,0.8524799057340382,14.324235977078423,17.67957985772852,0,mixed,0,mixed_seed0,0
2026-01-01 01:14:00,38.954792929885215,0.0,10.088053150374124,28.866739779511093,0,mixed,0,mixed_seed0,0
2026-01-01 01:15:00,31.09756588225729,0.0,11.43017926444014,19.66738661781715,0,mixed,0,mixed_seed0,0
2026-01-01 01:16:00,32.74388008285863,0.0,12.487817975319954,20.256062107538675,0,mixed,0,mixed_seed0,0
2026-01-01 01:17:00,36.734560404653735,0.0,11.29579118404418,25.438769220609554,0,mixed,0,mixed_seed0,0
2026-01-01 01:18:00,34.51898614983525,0.0,12.281154291035927,22.237831858799325,0,mixed,0,mixed_seed0,0
2026-01-01 01:19:00,39.40192455086688,0.0,10.220458866385494,29.181465684481388,0,mixed,0,mixed_seed0,0
2026-01-01 01:20:00,34.86701425132635,0.4247733140804534,13.086740232053515,21.355500705192384,0,mixed,0,mixed_seed0,0
2026-01-01 01:21:00,32.812684325483225,0.6122735314029945,13.027036670840136,19.173374123240094,0,mixed,0,mixed_seed0,0
2026-01-01 01:22:00,33.451894566833616,0.0,15.139710450850764,18.312184115982852,0,mixed,0,mixed_seed0,0
2026-01-01 01:23:00,31.66825270284984,0.1435367830430347,14.406205151488578,17.11851076831823,0,mixed,0,mixed_seed0,0
2026-01-01 01:24:00,31.202413520534336,0.47292434474945166,14.878490124366355,15.85099905141853,0,mixed,0,mixed_seed0,0
2026-01-01 01:25:00,35.97332025483175,0.0,12.224185814151465,23.749134440680283,0,mixed,0,mixed_seed0,0
2026-01-01 01:26:00,35.851065675945684,0.0,12.453307793905338,23.397757882040345,0,mixed,0,mixed_seed0,0
2026-01-01 01:27:00,37.63559020449714,0.0,12.433280032599336,25.202310171897807,0,mixed,0,mixed_seed0,0
2026-01-01 01:28:00,32.51390344569307,0.0,15.267729598472467,17.2461738472206,0,mixed,0,mixed_seed0,0
2026-01-01 01:29:00,38.62459443746462,0.06111772127400092,19.254768969408293,19.30870774678233,0,mixed,0,mixed_seed0,0
2026-01-01 01:30:00,33.68494788611565,0.0,20.32513794843219,13.359809937683462,0,mixed,0,mixed_seed0,0
2026-01-01 01:31:00,38.341213015617306,0.3786774534867282,17.040090077301798,20.92244548482878,0,mixed,0,mixed_seed0,0
2026-01-01 01:32:00,33.32518701843675,0.0,14.669386205026848,18.655800813409904,0,mixed,0,mixed_seed0,0
2026-01-01 01:33:00,32.57058721449386,0.24757641312299658,16.820337883633698,15.502672917737168,0,mixed,0,mixed_seed0,0
2026-01-01 01:34:00,35.036087504942245,0.0,12.85525367203585,22.180833832906394,0,mixed,0,mixed_seed0,0
2026-01-01 01:35:00,36.99277056594964,0.0,8.132748387283357,28.860022178666284,0,mixed,0,mixed_seed0,0
2026-01-01 01:36:00,34.81936104025066,0.0,8.103658994195955,26.71570204605471,0,mixed,0,mixed_seed0,0
2026-01-01 01:37:00,32.95590006434789,0.0,6.199078172058841,26.756821892289047,0,mixed,0,mixed_seed0,0
2026-01-01 01:38:00,31.069743956351015,0.0,8.104349009010372,22.96539494734064,0,mixed,0,mixed_seed0,0
2026-01-01 01:39:00,30.922250215649584,0.255957273066099,10.31601048045623,20.350282462127254,0,mixed,0,mixed_seed0,0
2026-01-01 01:40:00,35.68620208200612,0.4479569135858812,7.6658043004916605,27.572440867928577,0,mixed,0,mixed_seed0,0
2026-01-01 01:41:00,36.90740873098917,0.09484962319855585,13.56047794949458,23.252081158296033,0,mixed,0,mixed_seed0,0
2026-01-01 01:42:00,34.0262081304983,1.0280945331009361,15.662493400042477,17.335620197354885,0,mixed,0,mixed_seed0,0
2026-01-01 01:43:00,31.755038487009845,0.0,13.420571899140384,18.33446658786946,0,mixed,0,mixed_seed0,0
2026-01-01 01:44:00,36.62774986794226,0.3123578509206619,27.926050175221732,8.389341841799869,0,mixed,0,mixed_seed0,0
2026-01-01 01:45:00,31.248541583408688,0.0,22.10884901599602,9.139692567412666,0,mixed,0,mixed_seed0,0
2026-01-01 01:46:00,32.67142653772748,0.14077770220515565,19.740157246482045,12.790491589040275,0,mixed,0,mixed_seed0,0
2026-01-01 01:47:00,36.011400371817935,0.0,21.075797865008603,14.935602506809332,0,mixed,0,mixed_seed0,0
2026-01-01 01:48:00,28.838450654741226,0.6690740264188599,22.279233778250894,5.890142850071474,0,mixed,0,mixed_seed0,0
2026-01-01 01:49:00,35.43486457180029,0.10561254345435435,24.370717887804545,10.958534140541389,0,mixed,0,mixed_seed0,0
2026-01-01 01:50:00,33.02016485961936,0.7153466997439004,21.147870963772238,11.156947196103225,0,mixed,0,mixed_seed0,0
2026-01-01 01:51:00,34.75298219038315,0.0,18.758038934680247,15.994943255702903,0,mixed,0,mixed_seed0,0
2026-01-01 01:52:00,34.296234984888194,0.0,30.19467126217155,4.101563722716644,0,mixed,0,mixed_seed0,0
2026-01-01 01:53:00,34.9966707286154,0.0,24.33140771028956,10.665263018325838,0,mixed,0,mixed_seed0,0
2026-01-01 01:54:00,36.23290083395165,0.0,22.456888081852803,13.77601275209885,0,mixed,0,mixed_seed0,0
2026-01-01 01:55:00,32.60782339522643,0.0,20.90955909747497,11.698264297751464,0,mixed,0,mixed_seed0,0
2026-01-01 01:56:00,38.062670350847306,0.0,25.831433893830766,12.23123645701654,0,mixed,0,mixed_seed0,0
2026-01-01 01:57:00,36.33210824024082,0.0,25.257386167757748,11.074722072483073,0,mixed,0,mixed_seed0,0
2026-01-01 01:58:00,36.63305504925381,0.0,23.525018679847847,13.108036369405966,0,mixed,0,mixed_seed0,0
2026-01-01 01:59:00,37.442924322043126,0.0,19.965520805859803,17.477403516183323,0,mixed,0,mixed_seed0,0
2026-01-01 02:00:00,36.506967441489465,0.11245510673320103,16.64391726156988,19.750595073186386,0,mixed,0,mixed_seed0,0
2026-01-01 02:01:00,36.65561783558634,0.5253692973185409,16.826356366788545,19.303892171479255,0,mixed,0,mixed_seed0,0
2026-01-01 02:02:00,34.742021318361886,0.0,19.649817763794548,15.092203554567337,0,mixed,0,mixed_seed0,0
2026-01-01 02:03:00,30.993910908070937,0.0005331750011530656,23.085928036936014,7.907449696133771,0,mixed,0,mixed_seed0,0
2026-01-01 02:04:00,34.23123328713196,0.0,22.71657679951973,11.514656487612228,0,mixed,0,mixed_seed0,0
2026-01-01 02:05:00,32.653252361805,0.28101278053425743,16.753013173524923,15.61922640774582,0,mixed,0,mixed_seed0,0
2026-01-01 02:06:00,31.02857004977443,0.0,16.493496723670468,14.535073326103962,0,mixed,0,mixed_seed0,0
2026-01-01 02:07:00,35.24013469615772,0.0,15.190555105297404,20.04957959086031,0,mixed,0,mixed_seed0,0
2026-01-01 02:08:00,33.18140022027297,0.0,12.049629196514505,21.131771023758464,0,mixed,0,mixed_seed0,0
2026-01-01 02:09:00,32.03722693105453,0.0130223034357848,13.6503169694057,18.37388765821305,0,mixed,0,mixed_seed0,0
2026-01-01 02:10:00,32.013392669505805,0.0,13.455971676019125,18.55742099348668,0,mixed,0,mixed_seed0,0
2026-01-01 02:11:00,35.30128871997655,0.30942254889844706,10.057208648813635,24.934657522264466,0,mixed,0,mixed_seed0,0
2026-01-01 02:12:00,35.53646998110202,0.0,8.70338510833197,26.83308487277005,0,mixed,0,mixed_seed0,0
2026-01-01 02:13:00,37.9556714303338,0.023915050568798845,12.629273757664302,25.302482622100698,0,mixed,0,mixed_seed0,0
2026-01-01 02:14:00,34.62467241121924,0.0,16.21989026348721,18.40478214773203,0,mixed,0,mixed_seed0,0
2026-01-01 02:15:00,37.274183599442736,0.4822545479650133,16.892272043272637,19.899657008205086,0,mixed,0,mixed_seed0,0
2026-01-01 02:16:00,38.18556528768597,0.41538834535930447,15.33426940926697,22.435907533059694,0,mixed,0,mixed_seed0,0
2026-01-01 02:17:00,37.56583033393358,0.5169143574298847,15.143316724549784,21.905599251953916,0,mixed,0,mixed_seed0,0
2026-01-01 02:18:00,28.787863601939446,1.336431648547905,17.629762351796124,9.821669601595417,0,mixed,0,mixed_seed0,0
2026-01-01 02:19:00,37.78373398360268,0.0,20.78777275954381,16.99596122405887,0,mixed,0,mixed_seed0,0
2026-01-01 02:20:00,35.57217030551009,0.722041701484684,20.897536882367085,13.952591721658322,0,mixed,0,mixed_seed0,0
2026-01-01 02:21:00,35.79383862991692,0.0,24.122163483637266,11.671675146279654,0,mixed,0,mixed_seed0,0
2026-01-01 02:22:00,35.67396319572059,0.23645237750417872,23.660901470010558,11.776609348205852,0,mixed,0,mixed_seed0,0
2026-01-01 02:23:00,35.714466468293125,0.2192024565677613,25.4677821175566,10.027481894168766,0,mixed,0,mixed_seed0,0
2026-01-01 02:24:00,35.5679826139057,0.15875505801508458,20.208430063804965,15.200797492085648,0,mixed,0,mixed_seed0,0
2026-01-01 02:25:00,33.88423192864117,0.3949537071122286,18.628815716755685,14.860462504773256,0,mixed,0,mixed_seed0,0
2026-01-01 02:26:00,30.039689788303242,0.0,20.42406003246716,9.615629755836082,0,mixed,0,mixed_seed0,0
2026-01-01 02:27:00,34.533948797622784,0.024559368948886037,24.782673963637837,9.726715465036062,0,mixed,0,mixed_seed0,0
2026-01-01 02:28:00,32.80955837434866,0.3211857884050867,22.209592486007672,10.278780099935904,0,mixed,0,mixed_seed0,0
2026-01-01 02:29:00,37.53214374145761,1.0487123400230944,20.206560499657066,16.27687090177745,0,mixed,0,mixed_seed0,0
2026-01-01 02:30:00,34.12286103176397,0.0,19.740775584638488,14.38208544712548,0,mixed,0,mixed_seed0,0
2026-01-01 02:31:00,35.06670267669688,0.0,19.583638040122302,15.483064636574575,0,mixed,0,mixed_seed0,0
2026-01-01 02:32:00,32.747431315872376,0.0,18.232565715329994,14.514865600542382,0,mixed,0,mixed_seed0,0
2026-01-01 02:33:00,33.608516903066246,0.05395705978847175,14.396334541017167,19.158225302260607,0,mixed,0,mixed_seed0,0
2026-01-01 02:34:00,34.870062251514895,0.10498625592221408,18.102894250981407,16.662181744611274,0,mixed,0,mixed_seed0,0
2026-01-01 02:35:00,31.199473753472,0.05533067147204053,16.189972292221217,14.95417078977874,0,mixed,0,mixed_seed0,0
2026-01-01 02:36:00,35.678836289140136,0.7096740736072698,20.91124012069721,14.057922094835654,0,mixed,0,mixed_seed0,0
2026-01-01 02:37:00,34.676349640250386,0.585629875670328,21.99326803259154,12.097451731988517,0,mixed,0,mixed_seed0,0
2026-01-01 02:38:00,31.991832508269713,0.0,25.602224446836363,6.38960806143335,0,mixed,0,mixed_seed0,0
2026-01-01 02:39:00,28.97534657084207,0.0,23.64623071934786,5.329115851494212,0,mixed,0,mixed_seed0,0
2026-01-01 02:40:00,36.26855073437253,0.0,25.77801722362323,10.490533510749302,0,mixed,0,mixed_seed0,0
2026-01-01 02:41:00,34.25714689952536,0.0,21.253219007381603,13.003927892143757,0,mixed,0,mixed_seed0,0
2026-01-01 02:42:00,33.69146746798313,0.0,18.167063202364073,15.524404265619058,0,mixed,0,mixed_seed0,0
2026-01-01 02:43:00,34.44167830749853,0.0,13.522089249833737,20.91958905766479,0,mixed,0,mixed_seed0,0
2026-01-01 02:44:00,39.58902595739371,0.0,14.274629096379897,25.31439686101381,0,mixed,0,mixed_seed0,0
2026-01-01 02:45:00,34.939299707542126,0.0,17.867351025635454,17.071948681906672,0,mixed,0,mixed_seed0,0
2026-01-01 02:46:00,35.296511069576255,0.0,18.75111132058657,16.545399748989684,0,mixed,0,mixed_seed0,0
2026-01-01 02:47:00,31.378636226713578,0.0,15.379225463020626,15.999410763692952,0,mixed,0,mixed_seed0,0
2026-01-01 02:48:00,39.23121620744807,0.4032042849765221,12.158677162883835,26.669334759587713,0,mixed,0,mixed_seed0,0
2026-01-01 02:49:00,37.42333323267026,0.0,12.207124800054963,25.216208432615296,0,mixed,0,mixed_seed0,0
2026-01-01 02:50:00,37.81388970092736,0.0,17.623202533598977,20.190687167328385,0,mixed,0,mixed_seed0,0
2026-01-01 02:51:00,35.28286807768639,0.32516325280082425,29.132046387142005,5.825658437743559,0,mixed,0,mixed_seed0,0
2026-01-01 02:52:00,37.472651319919215,0.0,28.90044677986318,8.572204540056035,0,mixed,0,mixed_seed0,0
2026-01-01 02:53:00,36.12590383586479,0.12987283610740535,24.77140278728306,11.224628212474325,0,mixed,0,mixed_seed0,0
2026-01-01 02:54:00,36.74922606028127,0.40160141901366364,25.858077094351273,10.489547546916338,0,mixed,0,mixed_seed0,0
2026-01-01 02:55:00,34.85368171457399,0.25318169686683295,29.449188987394542,5.151311030312613,0,mixed,0,mixed_seed0,0
2026-01-01 02:56:00,31.56754901819522,0.15009746879058958,25.929130178196544,5.488321371208084,0,mixed,0,mixed_seed0,0
2026-01-01 02:57:00,37.842703468620925,0.0,23.839559971175962,14.003143497444963,0,mixed,0,mixed_seed0,0
2026-01-01 02:58:00,30.45166104695449,0.4091364618559242,22.60762973624425,7.43489484885432,0,mixed,0,mixed_seed0,0
2026-01-01 02:59:00,34.707904718788555,0.10532996475900025,26.601272223754098,8.001302530275456,0,mixed,0,mixed_seed0,0
2026-01-01 03:00:00,34.81532003911349,0.0,27.224878438207725,7.590441600905763,0,mixed,0,mixed_seed0,0
2026-01-01 03:01:00,32.73854925629654,0.0,26.176412731628314,6.562136524668222,0,mixed,0,mixed_seed0,0
2026-01-01 03:02:00,36.897774159568016,0.0,26.683124179125556,10.21464998044246,0,mixed,0,mixed_seed0,0
2026-01-01 03:03:00,34.88360200747619,0.0,22.641489920909805,12.242112086566387,0,mixed,0,mixed_seed0,0
2026-01-01 03:04:00,34.31190848769864,0.0,21.349646731235346,12.962261756463292,0,mixed,0,mixed_seed0,0
2026-01-01 03:05:00,36.723529629499865,0.0,21.65311246932,15.070417160179865,0,mixed,0,mixed_seed0,0
2026-01-01 03:06:00,34.252516517099124,0.8013272529785302,23.087293136327272,10.363896127793321,0,mixed,0,mixed_seed0,0
2026-01-01 03:07:00,38.936645539666905,0.0,24.102666242321295,14.83397929734561,0,mixed,0,mixed_seed0,0
2026-01-01 03:08:00,36.36325729147962,0.47252449026162074,25.48031736234767,10.41041543887033,0,mixed,0,mixed_seed0,0
2026-01-01 03:09:00,34.31940348863258,0.0,25.43176095999702,8.88764252863556,0,mixed,0,mixed_seed0,0
2026-01-01 03:10:00,30.665382063816317,0.0,24.51100761119309,6.154374452623227,0,mixed,0,mixed_seed0,0
2026-01-01 03:11:00,32.27766208522289,0.8029677090767451,25.75111725387804,5.723577122268107,0,mixed,0,mixed_seed0,0
2026-01-01 03:12:00,38.2853144662082,0.3493235091438852,17.586528747062836,20.349462210001477,0,mixed,0,mixed_seed0,0
2026-01-01 03:13:00,35.4631114491291,0.0,21.30418558814238,14.15892586098672,0,mixed,0,mixed_seed0,0
2026-01-01 03:14:00,34.90338453905011,0.6248413189120138,23.2976641172601,10.980879102877992,0,mixed,0,mixed_seed0,0
2026-01-01 03:15:00,39.741093142060194,0.0,16.288311412410795,23.4527817296494,0,mixed,0,mixed_seed0,0
2026-01-01 03:16:00,32.4482990147162,0.0,16.806844469345847,15.641454545370351,0,mixed,0,mixed_seed0,0
2026-01-01 03:17:00,34.21292656261547,0.40086805301033696,16.686607447613472,17.12545106199166,0,mixed,0,mixed_seed0,0
2026-01-01 03:18:00,34.517941525395266,0.0,16.86262078696829,17.655320738426976,0,mixed,0,mixed_seed0,0
2026-01-01 03:19:00,37.18778408809743,0.6713664333703244,14.963628003735433,21.552789650991674,0,mixed,0,mixed_seed0,0
2026-01-01 03:20:00,34.08582335681789,0.45675825630789735,13.970370778706135,19.658694321803857,0,mixed,0,mixed_seed0,0
2026-01-01 03:21:00,34.23402728539398,0.0,11.244853135520051,22.989174149873925,0,mixed,0,mixed_seed0,0
2026-01-01 03:22:00,31.777798835115313,0.0,11.88837003380496,19.889428801310352,0,mixed,0,mixed_seed0,0
2026-01-01 03:23:00,37.637335899129816,0.1692442399328188,12.067253616922624,25.400838042274373,0,mixed,0,mixed_seed0,0
2026-01-01 03:24:00,37.85279025911187,0.0,13.713280569601244,24.139509689510625,0,mixed,0,mixed_seed0,0
2026-01-01 03:25:00,34.670168645990294,0.0,15.474479461070215,19.195689184920077,0,mixed,0,mixed_seed0,0
2026-01-01 03:26:00,36.293317969226294,0.4798709468333711,14.130986965915918,21.682460056477005,0,mixed,0,mixed_seed0,0
2026-01-01 03:27:00,32.67739908519011,0.19006878401007318,15.414405167149141,17.072925134030896,0,mixed,0,mixed_seed0,0
2026-01-01 03:28:00,34.7537162397651,0.0,16.00123880536048,18.752477434404618,0,mixed,0,mixed_seed0,0
2026-01-01 03:29:00,39.40254943810721,0.10476382161218217,18.769268394320054,20.528517222174973,0,mixed,0,mixed_seed0,0
2026-01-01 03:30:00,36.32160975902155,0.0,28.56908395870397,7.752525800317578,0,mixed,0,mixed_seed0,0
2026-01-01 03:31:00,41.782990184363506,0.0,25.804895051005325,15.978095133358181,0,mixed,0,mixed_seed0,0
2026-01-01 03:32:00,34.06408556495993,0.0,22.93357023752018,11.130515327439753,0,mixed,0,mixed_seed0,0
2026-01-01 03:33:00,37.507951553497186,0.17217332226055104,21.20493124936287,16.130846981873766,0,mixed,0,mixed_seed0,0
2026-01-01 03:34:00,35.59383589610158,0.0,17.29772664506791,18.29610925103367,0,mixed,0,mixed_seed0,0
2026-01-01 03:35:00,37.52269161915117,0.0032590851350553993,19.0685299453651,18.45090258865101,0,mixed,0,mixed_seed0,0
2026-01-01 03:36:00,36.11585143689862,0.0,19.860336137929124,16.2555152989695,0,mixed,0,mixed_seed0,0
2026-01-01 03:37:00,34.756803402169986,0.0,18.950725932078626,15.80607747009136,0,mixed,0,mixed_seed0,0
2026-01-01 03:38:00,34.016861323789584,0.0,22.1381788797047,11.878682444084884,0,mixed,0,mixed_seed0,0
2026-01-01 03:39:00,43.87728505440806,0.0,18.59683696196132,25.280448092446743,0,mixed,0,mixed_seed0,0
2026-01-01 03:40:00,36.04530564247301,0.0,17.51379165908113,18.531513983391882,0,mixed,0,mixed_seed0,0
2026-01-01 03:41:00,31.223676456506713,0.0,15.030825341724238,16.192851114782474,0,mixed,0,mixed_seed0,0
2026-01-01 03:42:00,34.67067104594786,0.4015603598202669,14.855025695023624,19.41408499110397,0,mixed,0,mixed_seed0,0
2026-01-01 03:43:00,38.01430044395394,1.4921297107637455,11.365143199021677,25.15702753416852,0,mixed,0,mixed_seed0,0
2026-01-01 03:44:00,35.09639245947306,0.27529394945444263,29.982158916267657,4.838939593750958,0,mixed,0,mixed_seed0,0
2026-01-01 03:45:00,39.7749249953557,0.0,28.122192238423295,11.652732756932402,0,mixed,0,mixed_seed0,0
2026-01-01 03:46:00,38.90738431848273,0.0,29.877485923161046,9.02989839532168,0,mixed,0,mixed_seed0,0
2026-01-01 03:47:00,36.048304060224915,0.0,28.48491743651369,7.563386623711224,0,mixed,0,mixed_seed0,0
2026-01-01 03:48:00,35.27655533366504,0.0,31.467424551906966,3.8091307817580713,0,mixed,0,mixed_seed0,0
2026-01-01 03:49:00,33.973219398063144,0.30438836134163055,29.393807531045283,4.275023505676231,0,mixed,0,mixed_seed0,0
2026-01-01 03:50:00,34.763614121471946,0.3536308597114635,27.396587073221312,7.013396188539172,0,mixed,0,mixed_seed0,0
2026-01-01 03:51:00,32.859162836796386,0.0,26.492251351751197,6.36691148504519,0,mixed,0,mixed_seed0,0
2026-01-01 03:52:00,39.58168242667745,0.17948739209197478,26.50767250563979,12.89452252894569,0,mixed,0,mixed_seed0,0
2026-01-01 03:53:00,40.57629560744164,0.6938448150032676,26.930335484229733,12.952115308208636,0,mixed,0,mixed_seed0,0
2026-01-01 03:54:00,33.48823080933773,1.053054951059458,22.6048053303198,9.830370527958472,0,mixed,0,mixed_seed0,0
2026-01-01 03:55:00,33.7035809212164,0.0,23.831417551090397,9.872163370126003,0,mixed,0,mixed_seed0,0
2026-01-01 03:56:00,32.26590075338799,0.0,23.251999423532354,9.013901329855635,0,mixed,0,mixed_seed0,0
2026-01-01 03:57:00,34.30711613566514,0.032649521472237465,24.522498657565833,9.75196795662707,0,mixed,0,mixed_seed0,0
2026-01-01 03:58:00,28.980659923895278,0.0,20.126886158301588,8.85377376559369,0,mixed,0,mixed_seed0,0
2026-01-01 03:59:00,33.920733261540875,0.0,24.07964955415389,9.841083707386986,0,mixed,0,mixed_seed0,0
2026-01-01 04:00:00,40.04882599894348,0.0,22.183834211749645,17.864991787193834,0,mixed,0,mixed_seed0,0
2026-01-01 04:01:00,35.972640747017245,0.0,23.71624940038302,12.256391346634224,0,mixed,0,mixed_seed0,0
2026-01-01 04:02:00,39.00374455430072,0.0,22.32474737957795,16.678997174722767,0,mixed,0,mixed_seed0,0
2026-01-01 04:03:00,35.67550012538063,0.0,24.01098000309007,11.664520122290561,0,mixed,0,mixed_seed0,0
2026-01-01 04:04:00,41.330406358445615,0.0,21.989911076651797,19.340495281793817,0,mixed,0,mixed_seed0,0
2026-01-01 04:05:00,37.4577745052255,0.4544898350748735,16.73118968708407,20.27209498306656,0,mixed,0,mixed_seed0,0
2026-01-01 04:06:00,36.03589093317958,0.0,17.69962584754093,18.33626508563865,0,mixed,0,mixed_seed0,0
2026-01-01 04:07:00,43.40329910608939,0.0,17.90610694872699,25.497192157362402,0,mixed,0,mixed_seed0,0
2026-01-01 04:08:00,36.2425766193047,0.0,19.73437350836638,16.508203110938318,0,mixed,0,mixed_seed0,0
2026-01-01 04:09:00,34.03238951206291,0.3405428527947118,15.836328969447205,17.855517689820996,0,mixed,0,mixed_seed0,0
2026-01-01 04:10:00,37.62208849323745,0.0,15.761898819314485,21.860189673922964,0,mixed,0,mixed_seed0,0
2026-01-01 04:11:00,37.05226503193343,0.0,19.537274449651186,17.514990582282245,0,mixed,0,mixed_seed0,0
2026-01-01 04:12:00,39.84737624755239,0.45576908956420586,20.642200380079203,18.74940677790898,0,mixed,0,mixed_seed0,0
2026-01-01 04:13:00,34.90986494016428,0.0,25.61377450443994,9.296090435724341,0,mixed,0,mixed_seed0,0
2026-01-01 04:14:00,39.25829916736675,0.0,22.553038890913843,16.705260276452908,0,mixed,0,mixed_seed0,0
2026-01-01 04:15:00,39.41110684876184,0.19595890355037443,24.613303820959445,14.601844124252022,0,mixed,0,mixed_seed0,0
2026-01-01 04:16:00,35.64291756435869,0.2020121437461053,27.203707916561466,8.237197504051117,0,mixed,0,mixed_seed0,0
2026-01-01 04:17:00,37.75331675631301,0.0,27.420971309271685,10.332345447041327,0,mixed,0,mixed_seed0,0
2026-01-01 04:18:00,35.30156815727488,0.0,21.547789298203053,13.753778859071826,0,mixed,0,mixed_seed0,0
2026-01-01 04:19:00,43.27637943060625,0.0,16.866309998523967,26.41006943208228,0,mixed,0,mixed_seed0,0
2026-01-01 04:20:00,35.68509095163567,0.0,16.96874674969383,18.716344201941844,0,mixed,0,mixed_seed0,0
2026-01-01 04:21:00,36.346503295748036,0.0,18.922617068699314,17.423886227048722,0,mixed,0,mixed_seed0,0
2026-01-01 04:22:00,34.8485123513414,0.0,14.332720406059588,20.515791945281812,0,mixed,0,mixed_seed0,0
2026-01-01 04:23:00,36.68189018687996,0.0,11.115997673367957,25.565892513512004,0,mixed,0,mixed_seed0,0
2026-01-01 04:24:00,37.56675675335945,0.0,14.683720838070156,22.88303591528929,0,mixed,0,mixed_seed0,0
2026-01-01 04:25:00,39.53534008598999,0.0,15.444480997151015,24.09085908883898,0,mixed,0,mixed_seed0,0
2026-01-01 04:26:00,36.12423754377302,0.0,21.16380862531177,14.96042891846125,0,mixed,0,mixed_seed0,0
2026-01-01 04:27:00,37.22077215494046,0.05019478737775429,26.143300136827552,11.027277230735155,0,mixed,0,mixed_seed0,0
2026-01-01 04:28:00,34.17890200328998,0.5379453002185922,22.912791932622284,10.728164770449101,0,mixed,0,mixed_seed0,0
2026-01-01 04:29:00,35.68670318486228,1.3222944740709337,18.897930910482614,15.466477800308734,0,mixed,0,mixed_seed0,0
2026-01-01 04:30:00,44.67997543047722,0.43906730407584355,17.326316532018783,26.914591594382593,0,mixed,0,mixed_seed0,0
2026-01-01 04:31:00,40.42897622950163,0.0,22.23779764363421,18.19117858586742,0,mixed,0,mixed_seed0,0
2026-01-01 04:32:00,35.90788327204085,0.0,23.25267214096825,12.655211131072598,0,mixed,0,mixed_seed0,0
2026-01-01 04:33:00,34.55368828302757,0.0,19.341528657031738,15.212159625995831,0,mixed,0,mixed_seed0,0
2026-01-01 04:34:00,35.494124675902036,0.042833061154778064,14.094334493625388,21.35695712112187,0,mixed,0,mixed_seed0,0
2026-01-01 04:35:00,37.91491679055808,0.0,14.64191738193976,23.272999408618322,0,mixed,0,mixed_seed0,0
2026-01-01 04:36:00,38.092186881189036,0.1632192823212447,14.077577590662187,23.851390008205605,0,mixed,0,mixed_seed0,0
2026-01-01 04:37:00,36.18085012172247,0.0,16.505167174298954,19.675682947423518,0,mixed,0,mixed_seed0,0
2026-01-01 04:38:00,34.861859868773905,0.24160183966898222,17.079974704665965,17.54028332443896,0,mixed,0,mixed_seed0,0
2026-01-01 04:39:00,41.67094635932891,0.0,18.565237785632913,23.105708573695996,0,mixed,0,mixed_seed0,0
2026-01-01 04:40:00,39.28107688149387,0.23847755443478308,16.013858855123402,23.02874047193568,0,mixed,0,mixed_seed0,0
2026-01-01 04:41:00,37.25246490152026,0.0,18.78609456777435,18.466370333745914,0,mixed,0,mixed_seed0,0
2026-01-01 04:42:00,37.67441160815069,0.0,16.74628918187581,20.928122426274882,0,mixed,0,mixed_seed0,0
2026-01-01 04:43:00,36.93957557339406,0.0,17.805188164387257,19.134387409006802,0,mixed,0,mixed_seed0,0
2026-01-01 04:44:00,30.960782048431703,0.0,19.067620102373077,11.893161946058626,0,mixed,0,mixed_seed0,0
2026-01-01 04:45:00,38.62770045100084,1.1294029549360385,34.420993269513595,3.077304226551206,0,mixed,0,mixed_seed0,0
2026-01-01 04:46:00,35.699990781444484,0.0,28.84868899186628,6.851301789578205,0,mixed,0,mixed_seed0,0
2026-01-01 04:47:00,35.907602104553725,0.8339830374050256,27.435344575982942,7.638274491165756,0,mixed,0,mixed_seed0,0
2026-01-01 04:48:00,36.85177242690712,0.0,27.64886000180924,9.202912425097878,0,mixed,0,mixed_seed0,0
2026-01-01 04:49:00,40.32145227131748,0.0,22.757195960809725,17.56425631050776,0,mixed,0,mixed_seed0,0
2026-01-01 04:50:00,35.602793874068624,0.7103411470260118,23.17320395224314,11.719248774799475,0,mixed,0,mixed_seed0,0
2026-01-01 04:51:00,34.981992929711744,0.18229610701667578,19.919889127329903,14.879807695365166,0,mixed,0,mixed_seed0,0
2026-01-01 04:52:00,40.20605462716555,0.11523261017391637,17.492297582632283,22.59852443435935,0,mixed,0,mixed_seed0,0
2026-01-01 04:53:00,40.53122613738139,0.15956606890573044,17.719011854048983,22.652648214426677,0,mixed,0,mixed_seed0,0
2026-01-01 04:54:00,36.28700001516646,0.0,16.830278697431005,19.456721317735457,0,mixed,0,mixed_seed0,0
2026-01-01 04:55:00,40.1295092516308,0.0,16.11467579267718,24.01483345895362,0,mixed,0,mixed_seed0,0
2026-01-01 04:56:00,38.0337645099992,0.0,21.306508825745535,16.727255684253667,0,mixed,0,mixed_seed0,0
2026-01-01 04:57:00,39.55555569443744,0.11844819138858916,18.404022253018113,21.033085250030737,0,mixed,0,mixed_seed0,0
2026-01-01 04:58:00,35.68955274126463,0.0,14.027836770063985,21.661715971200643,0,mixed,0,mixed_seed0,0
2026-01-01 04:59:00,40.963965653044916,0.0,14.722407111588351,26.241558541456563,0,mixed,0,mixed_seed0,0
2026-01-01 05:00:00,41.929800277989315,0.0,14.077501434608386,27.85229884338093,0,mixed,0,mixed_seed0,0
2026-01-01 05:01:00,40.55440599119579,0.0,10.233545543131084,30.320860448064707,0,mixed,0,mixed_seed0,0
2026-01-01 05:02:00,40.397788830263586,0.0,8.835022239944184,31.562766590319402,0,mixed,0,mixed_seed0,0
2026-01-01 05:03:00,29.61161243872883,0.0,6.050622430098746,23.560990008630085,0,mixed,0,mixed_seed0,0
2026-01-01 05:04:00,39.734380845059526,0.0,5.6561104789393575,34.078270366120165,0,mixed,0,mixed_seed0,0
2026-01-01 05:05:00,39.05984342219206,0.0,7.536988412385954,31.522855009806108,0,mixed,0,mixed_seed0,0
2026-01-01 05:06:00,38.79663664095321,0.642923004386189,3.536983752783266,34.616729883783755,0,mixed,0,mixed_seed0,0
2026-01-01 05:07:00,37.62874193096826,0.22449708387891168,8.970412322392999,28.43383252469635,0,mixed,0,mixed_seed0,0
2026-01-01 05:08:00,39.384677992396966,0.3521732163552093,5.171620683972249,33.86088409206951,0,mixed,0,mixed_seed0,0
2026-01-01 05:09:00,40.31777921290928,0.8279807497826086,5.511748688230686,33.978049774895986,0,mixed,0,mixed_seed0,0
2026-01-01 05:10:00,38.66937628051185,0.0,4.94570949141958,33.72366678909227,0,mixed,0,mixed_seed0,0
2026-01-01 05:11:00,38.212037488894374,0.30597145288909283,5.309606313049919,32.59645972295536,0,mixed,0,mixed_seed0,0
2026-01-01 05:12:00,42.48637303079003,0.0,3.9532943659142488,38.53307866487578,0,mixed,0,mixed_seed0,0
2026-01-01 05:13:00,36.690350240666575,0.0,7.257689259078932,29.432660981587645,0,mixed,0,mixed_seed0,0
2026-01-01 05:14:00,42.071073676816,0.29054390566239335,9.151065533817238,32.629464237336364,0,mixed,0,mixed_seed0,0
2026-01-01 05:15:00,39.97977200766642,0.9686071602818543,12.641555809226459,26.369609038158107,0,mixed,0,mixed_seed0,0
2026-01-01 05:16:00,37.569168715301075,0.0,11.959820667445063,25.60934804785601,0,mixed,0,mixed_seed0,0
2026-01-01 05:17:00,38.897306200785316,0.0,10.563168961789925,28.33413723899539,0,mixed,0,mixed_seed0,0
2026-01-01 05:18:00,37.364740493666005,0.6937420823729504,10.593874606656154,26.0771238046369,0,mixed,0,mixed_seed0,0
2026-01-01 05:19:00,41.394984115563446,0.0,14.413553908903207,26.98143020666024,0,mixed,0,mixed_seed0,0
2026-01-01 05:20:00,40.619809611066835,0.21726774882393668,14.131683449721029,26.270858412521868,0,mixed,0,mixed_seed0,0
2026-01-01 05:21:00,38.40093052811727,0.0,14.18549634591687,24.2154341822004,0,mixed,0,mixed_seed0,0
2026-01-01 05:22:00,37.080373653849676,0.0,14.113158772734117,22.96721488111556,0,mixed,0,mixed_seed0,0
2026-01-01 05:23:00,40.633340045596796,0.0879784938441652,15.00002509819381,25.54533645355882,0,mixed,0,mixed_seed0,0
2026-01-01 05:24:00,42.315775510328116,0.35695551710809437,15.62828509476164,26.33053489845838,0,mixed,0,mixed_seed0,0
2026-01-01 05:25:00,39.68111286522882,0.0,12.289569643301464,27.391543221927357,0,mixed,0,mixed_seed0,0
2026-01-01 05:26:00,41.05510709043939,0.22799386910804476,13.631039816170583,27.196073405160764,0,mixed,0,mixed_seed0,0
2026-01-01 05:27:00,39.11280920238607,0.10402199377205838,15.586359006522242,23.422428202091766,0,mixed,0,mixed_seed0,0
2026-01-01 05:28:00,40.26557975924171,0.0,12.644283101600447,27.621296657641263,0,mixed,0,mixed_seed0,0
2026-01-01 05:29:00,39.4123568369878,0.9320477201640737,12.343731896558918,26.136577220264805,0,mixed,0,mixed_seed0,0
2026-01-01 05:30:00,40.91970382783878,0.6539416018920872,11.662230545789349,28.603531680157346,0,mixed,0,mixed_seed0,0
2026-01-01 05:31:00,36.4543278013094,0.0,13.050322540905185,23.40400526040421,0,mixed,0,mixed_seed0,0
2026-01-01 05:32:00,41.88352153586103,0.0,12.01897065349387,29.86455088236716,0,mixed,0,mixed_seed0,0
2026-01-01 05:33:00,39.742624967326634,0.4624681402485408,14.140796296586773,25.13936053049132,0,mixed,0,mixed_seed0,0
2026-01-01 05:34:00,41.25851134939928,0.0,13.879055018821125,27.37945633057815,0,mixed,0,mixed_seed0,0
2026-01-01 05:35:00,39.555874199156946,0.0,13.83747045383647,25.718403745320476,0,mixed,0,mixed_seed0,0
2026-01-01 05:36:00,41.25233341762011,0.6293292674404362,11.398962257174489,29.224041893005182,0,mixed,0,mixed_seed0,0
2026-01-01 05:37:00,37.81492620636454,0.005268853779463821,7.160561556891338,30.64909579569374,0,mixed,0,mixed_seed0,0
2026-01-01 05:38:00,43.514243121004256,1.1442157145789504,8.829215528874556,33.54081187755075,0,mixed,0,mixed_seed0,0
2026-01-01 05:39:00,36.32763984598275,0.21448027390139168,4.275295423444257,31.837864148637102,0,mixed,0,mixed_seed0,0
2026-01-01 05:40:00,38.03366810438468,0.11459549362980771,7.981815967330797,29.937256643424078,0,mixed,0,mixed_seed0,0
2026-01-01 05:41:00,41.26631298835091,1.7247002888364789,10.03292019434015,29.50869250517428,0,mixed,0,mixed_seed0,0
2026-01-01 05:42:00,44.37975429069262,0.0,11.910112514563007,32.469641776129606,0,mixed,0,mixed_seed0,0
2026-01-01 05:43:00,41.463582425904285,0.0,9.279684382276642,32.18389804362764,0,mixed,0,mixed_seed0,0
2026-01-01 05:44:00,40.194230194859735,0.13751878774154874,8.896581771705014,31.16012963541317,0,mixed,0,mixed_seed0,0
2026-01-01 05:45:00,37.29712643948948,0.6814529418126396,7.597872753927857,29.017800743748985,0,mixed,0,mixed_seed0,0
2026-01-01 05:46:00,40.42762563604368,0.0,5.374293050643431,35.05333258540025,0,mixed,0,mixed_seed0,0
2026-01-01 05:47:00,40.9022045334152,0.0,6.097560607170609,34.804643926244594,0,mixed,0,mixed_seed0,0
2026-01-01 05:48:00,45.22451192935126,0.2698662590258577,6.680120841259994,38.274524829065406,0,mixed,0,mixed_seed0,0
2026-01-01 05:49:00,42.59970934010071,0.0,4.586081981953031,38.01362735814768,0,mixed,0,mixed_seed0,0
2026-01-01 05:50:00,37.26808200530667,0.0,6.116440908459011,31.151641096847655,0,mixed,0,mixed_seed0,0
2026-01-01 05:51:00,46.20429099244637,0.4772904494652417,4.7901629098646525,40.936837633116475,0,mixed,0,mixed_seed0,0
2026-01-01 05:52:00,40.19645799855365,0.0,4.76122603434847,35.43523196420518,0,mixed,0,mixed_seed0,0
2026-01-01 05:53:00,39.032082418225365,0.0,6.048096180550041,32.983986237675325,0,mixed,0,mixed_seed0,0
2026-01-01 05:54:00,44.964646148490445,1.1553399950575838,7.07069066603402,36.73861548739884,0,mixed,0,mixed_seed0,0
2026-01-01 05:55:00,41.200165934721554,0.0,11.39571623527827,29.804449699443282,0,mixed,0,mixed_seed0,0
2026-01-01 05:56:00,40.453121863857376,0.0,9.211771009634994,31.241350854222382,0,mixed,0,mixed_seed0,0
2026-01-01 05:57:00,41.96577277433062,0.0,4.3463579950992175,37.6194147792314,0,mixed,0,mixed_seed0,0
2026-01-01 05:58:00,43.57831480615342,0.049886636386620824,3.66387325978206,39.86455490998474,0,mixed,0,mixed_seed0,0
2026-01-01 05:59:00,43.996823231266674,0.0,4.529741008387082,39.46708222287959,0,mixed,0,mixed_seed0,0
