controller,benchmark_id,benchmark_hours,scenario,seed,scenario_seed,day_id,ramp95_kw_per_min,cap_violation_pct_import,cap_violation_pct_export,cap_violation_pct_total,soc_band_residency,throughput_kwh,efc,lfp_cycle_loss_pct,t_high_soc_h,t_low_soc_h,ceq_q95,t_high_c_h,efcrf,idod,n_micro,flip_per_hour,flip_per_day,mean_cpu_ms,max_cpu_ms,rainflow_hist
Candidate_01,compact_6h,6,cloud_edge,0,cloud_edge_seed0,0,9.456311658167253,0.0,0.0,0.0,1.0,0.017073394256996374,8.536697128498187e-05,1.2399675071713903e-06,0.0,0.0,0.0,0.0,8.985996977367572e-05,1.6149628335451827e-08,0.5,0.3333333333333333,8.0,0.12782444529067208,0.2878999803215265,"{'[0.0,0.1)': 0.5, '[0.1,0.2)': 0.0, '[0.2,0.4)': 0.0, '[0.4,0.6)': 0.0, '[0.6,1.0)': 0.0}"
Candidate_01,compact_6h,6,cloud_edge,1,cloud_edge_seed1,0,9.747855961967838,0.0,0.0,0.0,1.0,0.0,0.0,0.0,0.0,0.0,0.0,0.0,0.0,0.0,0.0,0.0,0.0,0.12887444455474098,0.3173000004608184,{}
Candidate_01,compact_6h,6,mixed,0,mixed_seed0,0,9.456311658167253,0.0,0.0,0.0,1.0,0.017073394256996374,8.536697128498187e-05,1.2399675071713903e-06,0.0,0.0,0.0,0.0,8.985996977367572e-05,1.6149628335451827e-08,0.5,0.3333333333333333,8.0,0.13125666769661215,0.37730002077296376,"{'[0.0,0.1)': 0.5, '[0.1,0.2)': 0.0, '[0.2,0.4)': 0.0, '[0.4,0.6)': 0.0, '[0.6,1.0)': 0.0}"
Candidate_01,compact_6h,6,mixed,1,mixed_seed1,0,9.747855961967838,0.0,0.0,0.0,1.0,0.0,0.0,0.0,0.0,0.0,0.0,0.0,0.0,0.0,0.0,0.0,0.0,0.1282997212709031,0.311699986923486,{}
Candidate_01,core_24h,24,cloud_edge,0,cloud_edge_seed0,0,9.085729598260176,0.0,0.0,0.0,1.0,1.0375289888674388,0.005187644944337194,0.0001365405077312867,0.0,0.0,0.0,0.0,0.009780389129892403,6.379859141711029e-05,9.0,1.5,36.0,0.13164916688563405,0.5283000064082444,"{'[0.0,0.1)': 9.0, '[0.1,0.2)': 0.0, '[0.2,0.4)': 0.0, '[0.4,0.6)': 0.0, '[0.6,1.0)': 0.0}"
Candidate_01,core_24h,24,cloud_edge,1,cloud_edge_seed1,0,9.564911330885439,0.0,0.0,0.0,1.0,0.35406688883528553,0.0017703344441764276,3.779593397271274e-05,0.0,0.0,0.0,0.0,0.0027304267219309952,6.2222439067114926e-06,4.0,0.6666666666666666,16.0,0.13765930495234593,0.7290999928954989,"{'[0.0,0.1)': 4.0, '[0.1,0.2)': 0.0, '[0.2,0.4)': 0.0, '[0.4,0.6)': 0.0, '[0.6,1.0)': 0.0}"
Candidate_01,core_24h,24,load_step,0,load_step_seed0,0,8.864685523530046,0.0,0.0,0.0,1.0,15.83004184613153,0.07915020923065766,0.0017527304385641538,0.0,0.0,0.05557289323157968,0.0,0.10703174063476184,0.007485487021386281,24.5,4.208333333333333,101.0,0.13174090306872838,0.38380001205950975,"{'[0.0,0.1)': 25.0, '[0.1,0.2)': 0.5, '[0.2,0.4)': 0.0, '[0.4,0.6)': 0.0, '[0.6,1.0)': 0.0}"
Candidate_01,core_24h,24,load_step,1,load_step_seed1,0,9.28400653042876,0.0,0.0,0.0,1.0,16.12379956762867,0.08061899783814334,0.0016213572409620662,0.0,0.0,0.05486756890494868,0.0,0.10073585596049128,0.00507932496428027,28.5,4.75,114.0,0.12978527768912804,0.32479999936185777,"{'[0.0,0.1)': 29.5, '[0.1,0.2)': 0.0, '[0.2,0.4)': 0.0, '[0.4,0.6)': 0.0, '[0.6,1.0)': 0.0}"
Candidate_01,core_24h,24,mixed,0,mixed_seed0,0,9.100503556094651,0.0,0.0,0.0,1.0,3.30862980467354,0.0165431490233677,0.000296875079374453,0.0,0.0,0.0,0.0,0.020778216741749733,0.0005332862085363287,9.0,1.5833333333333333,38.0,0.13530208297096477,3.5752000112552196,"{'[0.0,0.1)': 9.5, '[0.1,0.2)': 0.0, '[0.2,0.4)': 0.0, '[0.4,0.6)': 0.0, '[0.6,1.0)': 0.0}"
Candidate_01,core_24h,24,mixed,1,mixed_seed1,0,9.543129986508935,0.0,0.0,0.0,1.0,0.25326919884435545,0.0012663459942217773,2.1608199308447432e-05,0.0,0.0,0.0,0.0,0.0015620656926969845,2.6809783762616626e-06,2.5,0.4166666666666667,10.0,0.13190159718053313,0.4214999789837748,"{'[0.0,0.1)': 2.5, '[0.1,0.2)': 0.0, '[0.2,0.4)': 0.0, '[0.4,0.6)': 0.0, '[0.6,1.0)': 0.0}"
Candidate_01,core_24h,24,wind_gust,0,wind_gust_seed0,0,9.346268361350157,0.0,0.0,0.0,1.0,0.6548506643823253,0.0032742533219116267,4.848892743606997e-05,0.0,0.0,0.0,0.0,0.0034878278191369516,1.008492345037761e-05,3.0,0.5,12.0,0.1329350694504683,0.5302999925334007,"{'[0.0,0.1)': 3.0, '[0.1,0.2)': 0.0, '[0.2,0.4)': 0.0, '[0.4,0.6)': 0.0, '[0.6,1.0)': 0.0}"
Candidate_01,core_24h,24,wind_gust,1,wind_gust_seed1,0,9.761570834547493,0.0,0.0,0.0,1.0,0.09532166599659167,0.00047660832998295833,6.92912514219656e-06,0.0,0.0,0.0,0.0,0.0005016929789294355,5.033916902141821e-07,0.5,0.08333333333333333,2.0,0.1297072918330539,0.35360001493245363,"{'[0.0,0.1)': 0.5, '[0.1,0.2)': 0.0, '[0.2,0.4)': 0.0, '[0.4,0.6)': 0.0, '[0.6,1.0)': 0.0}"
Candidate_01,medium_12h,12,cloud_edge,0,cloud_edge_seed0,0,8.911901135808762,0.0,0.0,0.0,1.0,1.4039606386284158,0.007019803193142079,0.00013309955468968827,0.0,0.0,0.0,0.0,0.0095151446652611,4.81034710849095e-05,5.5,1.8333333333333333,44.0,0.13171874945530565,0.33170002279803157,"{'[0.0,0.1)': 5.5, '[0.1,0.2)': 0.0, '[0.2,0.4)': 0.0, '[0.4,0.6)': 0.0, '[0.6,1.0)': 0.0}"
Candidate_01,medium_12h,12,cloud_edge,1,cloud_edge_seed1,0,8.642897192155019,0.0,0.0,0.0,1.0,0.03998521809660932,0.0001999260904830466,2.9047312810058002e-06,0.0,0.0,0.0,0.0,0.0002104485162979508,8.857715602401773e-08,0.5,0.16666666666666666,4.0,0.1288345834634836,0.3569000109564513,"{'[0.0,0.1)': 0.5, '[0.1,0.2)': 0.0, '[0.2,0.4)': 0.0, '[0.4,0.6)': 0.0, '[0.6,1.0)': 0.0}"
Candidate_01,medium_12h,12,load_step,0,load_step_seed0,0,8.478723369876164,0.0,0.0,0.0,1.0,2.074360262298501,0.010371801311492505,0.0001858622164562767,0.0,0.0,0.0011158743071640702,0.0,0.013152785851820198,0.00011659575837500535,6.5,2.1666666666666665,52.0,0.14085666633844893,0.7590999884996563,"{'[0.0,0.1)': 6.5, '[0.1,0.2)': 0.0, '[0.2,0.4)': 0.0, '[0.4,0.6)': 0.0, '[0.6,1.0)': 0.0}"
Candidate_01,medium_12h,12,load_step,1,load_step_seed1,0,9.189999204192103,0.0,0.0,0.0,1.0,0.0,0.0,0.0,0.0,0.0,0.0,0.0,0.0,0.0,0.0,0.0,0.0,0.13349055576933702,0.4107999848201871,{}
Candidate_01,medium_12h,12,mixed,0,mixed_seed0,0,8.73513562287991,0.0,0.0,0.0,1.0,1.236533464973856,0.00618266732486928,0.0001060942567693157,0.0,0.0,0.0,0.0,0.0075817470232535655,6.697656867809606e-05,5.0,1.6666666666666667,40.0,0.13022652815885116,0.2995000104419887,"{'[0.0,0.1)': 5.0, '[0.1,0.2)': 0.0, '[0.2,0.4)': 0.0, '[0.4,0.6)': 0.0, '[0.6,1.0)': 0.0}"
Candidate_01,medium_12h,12,mixed,1,mixed_seed1,0,9.327873740197878,0.0,0.0,0.0,1.0,0.0,0.0,0.0,0.0,0.0,0.0,0.0,0.0,0.0,0.0,0.0,0.0,0.12747000057263197,0.29749999521300197,{}
Candidate_01,medium_12h,12,wind_gust,0,wind_gust_seed0,0,9.422130324384922,0.0,0.0,0.0,1.0,1.6870609788961357,0.008435304894480678,0.00017872406760733754,0.0,0.0,0.0,0.0,0.012727881285879927,0.00016784384192650083,5.0,1.6666666666666667,40.0,0.1308137499614127,0.736100017093122,"{'[0.0,0.1)': 5.0, '[0.1,0.2)': 0.0, '[0.2,0.4)': 0.0, '[0.4,0.6)': 0.0, '[0.6,1.0)': 0.0}"
Candidate_01,medium_12h,12,wind_gust,1,wind_gust_seed1,0,9.55448363803617,0.0,0.0,0.0,1.0,0.0,0.0,0.0,0.0,0.0,0.0,0.0,0.0,0.0,0.0,0.0,0.0,0.13201638822566666,0.45319998753257096,{}
Candidate_02,compact_6h,6,cloud_edge,0,cloud_edge_seed0,0,9.456311658167253,0.0,0.0,0.0,1.0,0.017073394256996374,8.536697128498187e-05,1.2399675071713903e-06,0.0,0.0,0.0,0.0,8.985996977367572e-05,1.6149628335451827e-08,0.5,0.3333333333333333,8.0,0.12809138901906814,0.28279999969527125,"{'[0.0,0.1)': 0.5, '[0.1,0.2)': 0.0, '[0.2,0.4)': 0.0, '[0.4,0.6)': 0.0, '[0.6,1.0)': 0.0}"
Candidate_02,compact_6h,6,cloud_edge,1,cloud_edge_seed1,0,9.747855961967838,0.0,0.0,0.0,1.0,0.0,0.0,0.0,0.0,0.0,0.0,0.0,0.0,0.0,0.0,0.0,0.0,0.12808583237023818,0.30429998878389597,{}
Candidate_02,compact_6h,6,mixed,0,mixed_seed0,0,9.456311658167253,0.0,0.0,0.0,1.0,0.017073394256996374,8.536697128498187e-05,1.2399675071713903e-06,0.0,0.0,0.0,0.0,8.985996977367572e-05,1.6149628335451827e-08,0.5,0.3333333333333333,8.0,0.12836583434060836,0.27379998937249184,"{'[0.0,0.1)': 0.5, '[0.1,0.2)': 0.0, '[0.2,0.4)': 0.0, '[0.4,0.6)': 0.0, '[0.6,1.0)': 0.0}"
Candidate_02,compact_6h,6,mixed,1,mixed_seed1,0,9.747855961967838,0.0,0.0,0.0,1.0,0.0,0.0,0.0,0.0,0.0,0.0,0.0,0.0,0.0,0.0,0.0,0.0,0.12771694511886583,0.2784999960567802,{}
Candidate_02,core_24h,24,cloud_edge,0,cloud_edge_seed0,0,9.085729598260176,0.0,0.0,0.0,1.0,1.0375289888674388,0.005187644944337194,0.0001365405077312867,0.0,0.0,0.0,0.0,0.009780389129892403,6.379859141711029e-05,9.0,1.5,36.0,0.12902583334329798,0.4200999974273145,"{'[0.0,0.1)': 9.0, '[0.1,0.2)': 0.0, '[0.2,0.4)': 0.0, '[0.4,0.6)': 0.0, '[0.6,1.0)': 0.0}"
Candidate_02,core_24h,24,cloud_edge,1,cloud_edge_seed1,0,9.564911330885439,0.0,0.0,0.0,1.0,0.35406688883528553,0.0017703344441764276,3.779593397271274e-05,0.0,0.0,0.0,0.0,0.0027304267219309952,6.2222439067114926e-06,4.0,0.6666666666666666,16.0,0.13150062530055745,0.6451999943237752,"{'[0.0,0.1)': 4.0, '[0.1,0.2)': 0.0, '[0.2,0.4)': 0.0, '[0.4,0.6)': 0.0, '[0.6,1.0)': 0.0}"
Candidate_02,core_24h,24,load_step,0,load_step_seed0,0,8.864685523530046,0.0,0.0,0.0,1.0,15.85286834911726,0.0792643417455863,0.0017517710950519046,0.0,0.0,0.05557289323157968,0.0,0.10698183319061075,0.007477158614747633,24.5,4.208333333333333,101.0,0.1343386805779624,0.5034999921917915,"{'[0.0,0.1)': 25.0, '[0.1,0.2)': 0.5, '[0.2,0.4)': 0.0, '[0.4,0.6)': 0.0, '[0.6,1.0)': 0.0}"
Candidate_02,core_24h,24,load_step,1,load_step_seed1,0,9.318418968303074,0.0,0.0,0.0,1.0,16.291961935194156,0.08145980967597077,0.0016624215333383965,0.0,0.0,0.05486756890494868,0.0,0.10294619126127,0.0050793177342783845,28.0,4.708333333333333,113.0,0.1307625002381327,0.3907000063918531,"{'[0.0,0.1)': 29.0, '[0.1,0.2)': 0.0, '[0.2,0.4)': 0.0, '[0.4,0.6)': 0.0, '[0.6,1.0)': 0.0}"
Candidate_02,core_24h,24,mixed,0,mixed_seed0,0,9.100503556094651,0.0,0.0,0.0,1.0,3.30862980467354,0.0165431490233677,0.000296875079374453,0.0,0.0,0.0,0.0,0.020778216741749733,0.0005332862085363287,9.0,1.5833333333333333,38.0,0.13128534733873998,0.36059998092241585,"{'[0.0,0.1)': 9.5, '[0.1,0.2)': 0.0, '[0.2,0.4)': 0.0, '[0.4,0.6)': 0.0, '[0.6,1.0)': 0.0}"
Candidate_02,core_24h,24,mixed,1,mixed_seed1,0,9.543129986508935,0.0,0.0,0.0,1.0,0.25326919884435545,0.0012663459942217773,2.1608199308447432e-05,0.0,0.0,0.0,0.0,0.0015620656926969845,2.6809783762616626e-06,2.5,0.4166666666666667,10.0,0.12771055545373303,0.3566000086721033,"{'[0.0,0.1)': 2.5, '[0.1,0.2)': 0.0, '[0.2,0.4)': 0.0, '[0.4,0.6)': 0.0, '[0.6,1.0)': 0.0}"
Candidate_02,core_24h,24,wind_gust,0,wind_gust_seed0,0,9.346268361350157,0.0,0.0,0.0,1.0,0.6548506643823253,0.0032742533219116267,4.848892743606997e-05,0.0,0.0,0.0,0.0,0.0034878278191369516,1.008492345037761e-05,3.0,0.5,12.0,0.13002263941517514,0.5222000181674957,"{'[0.0,0.1)': 3.0, '[0.1,0.2)': 0.0, '[0.2,0.4)': 0.0, '[0.4,0.6)': 0.0, '[0.6,1.0)': 0.0}"
Candidate_02,core_24h,24,wind_gust,1,wind_gust_seed1,0,9.761570834547493,0.0,0.0,0.0,1.0,0.09532166599659167,0.00047660832998295833,6.92912514219656e-06,0.0,0.0,0.0,0.0,0.0005016929789294355,5.033916902141821e-07,0.5,0.08333333333333333,2.0,0.13176881922037056,0.46129999100230634,"{'[0.0,0.1)': 0.5, '[0.1,0.2)': 0.0, '[0.2,0.4)': 0.0, '[0.4,0.6)': 0.0, '[0.6,1.0)': 0.0}"
Candidate_02,medium_12h,12,cloud_edge,0,cloud_edge_seed0,0,8.911901135808762,0.0,0.0,0.0,1.0,1.4039606386284158,0.007019803193142079,0.00013309955468968827,0.0,0.0,0.0,0.0,0.0095151446652611,4.81034710849095e-05,5.5,1.8333333333333333,44.0,0.12826430603227992,0.311699986923486,"{'[0.0,0.1)': 5.5, '[0.1,0.2)': 0.0, '[0.2,0.4)': 0.0, '[0.4,0.6)': 0.0, '[0.6,1.0)': 0.0}"
Candidate_02,medium_12h,12,cloud_edge,1,cloud_edge_seed1,0,8.642897192155019,0.0,0.0,0.0,1.0,0.03998521809660932,0.0001999260904830466,2.9047312810058002e-06,0.0,0.0,0.0,0.0,0.0002104485162979508,8.857715602401773e-08,0.5,0.16666666666666666,4.0,0.1291550005892835,0.3436999977566302,"{'[0.0,0.1)': 0.5, '[0.1,0.2)': 0.0, '[0.2,0.4)': 0.0, '[0.4,0.6)': 0.0, '[0.6,1.0)': 0.0}"
Candidate_02,medium_12h,12,load_step,0,load_step_seed0,0,8.478723369876164,0.0,0.0,0.0,1.0,2.074360262298501,0.010371801311492505,0.0001858622164562767,0.0,0.0,0.0011158743071640702,0.0,0.013152785851820198,0.00011659575837500535,6.5,2.1666666666666665,52.0,0.1352315268983754,0.4028999828733504,"{'[0.0,0.1)': 6.5, '[0.1,0.2)': 0.0, '[0.2,0.4)': 0.0, '[0.4,0.6)': 0.0, '[0.6,1.0)': 0.0}"
Candidate_02,medium_12h,12,load_step,1,load_step_seed1,0,9.189999204192103,0.0,0.0,0.0,1.0,0.0,0.0,0.0,0.0,0.0,0.0,0.0,0.0,0.0,0.0,0.0,0.0,0.13029222209297586,0.3223999810870737,{}
Candidate_02,medium_12h,12,mixed,0,mixed_seed0,0,8.73513562287991,0.0,0.0,0.0,1.0,1.236533464973856,0.00618266732486928,0.0001060942567693157,0.0,0.0,0.0,0.0,0.0075817470232535655,6.697656867809606e-05,5.0,1.6666666666666667,40.0,0.12873430589226903,0.30980000155977905,"{'[0.0,0.1)': 5.0, '[0.1,0.2)': 0.0, '[0.2,0.4)': 0.0, '[0.4,0.6)': 0.0, '[0.6,1.0)': 0.0}"
Candidate_02,medium_12h,12,mixed,1,mixed_seed1,0,9.327873740197878,0.0,0.0,0.0,1.0,0.0,0.0,0.0,0.0,0.0,0.0,0.0,0.0,0.0,0.0,0.0,0.0,0.12743569414952718,0.299000006634742,{}
Candidate_02,medium_12h,12,wind_gust,0,wind_gust_seed0,0,9.422130324384922,0.0,0.0,0.0,1.0,1.6870609788961357,0.008435304894480678,0.00017872406760733754,0.0,0.0,0.0,0.0,0.012727881285879927,0.00016784384192650083,5.0,1.6666666666666667,40.0,0.13124180554263554,0.34899997990578413,"{'[0.0,0.1)': 5.0, '[0.1,0.2)': 0.0, '[0.2,0.4)': 0.0, '[0.4,0.6)': 0.0, '[0.6,1.0)': 0.0}"
Candidate_02,medium_12h,12,wind_gust,1,wind_gust_seed1,0,9.55448363803617,0.0,0.0,0.0,1.0,0.0,0.0,0.0,0.0,0.0,0.0,0.0,0.0,0.0,0.0,0.0,0.0,0.13083652690208206,0.32920000376179814,{}
Candidate_03,compact_6h,6,cloud_edge,0,cloud_edge_seed0,0,9.456311658167253,0.0,0.0,0.0,1.0,0.017073394256996374,8.536697128498187e-05,1.2399675071713903e-06,0.0,0.0,0.0,0.0,8.985996977367572e-05,1.6149628335451827e-08,0.5,0.3333333333333333,8.0,0.13173277677399003,0.3328000020701438,"{'[0.0,0.1)': 0.5, '[0.1,0.2)': 0.0, '[0.2,0.4)': 0.0, '[0.4,0.6)': 0.0, '[0.6,1.0)': 0.0}"
Candidate_03,compact_6h,6,cloud_edge,1,cloud_edge_seed1,0,9.747855961967838,0.0,0.0,0.0,1.0,0.0,0.0,0.0,0.0,0.0,0.0,0.0,0.0,0.0,0.0,0.0,0.0,0.1284613890068916,0.32449999707750976,{}
Candidate_03,compact_6h,6,mixed,0,mixed_seed0,0,9.456311658167253,0.0,0.0,0.0,1.0,0.017073394256996374,8.536697128498187e-05,1.2399675071713903e-06,0.0,0.0,0.0,0.0,8.985996977367572e-05,1.6149628335451827e-08,0.5,0.3333333333333333,8.0,0.1320050003414508,0.32959997770376503,"{'[0.0,0.1)': 0.5, '[0.1,0.2)': 0.0, '[0.2,0.4)': 0.0, '[0.4,0.6)': 0.0, '[0.6,1.0)': 0.0}"
Candidate_03,compact_6h,6,mixed,1,mixed_seed1,0,9.747855961967838,0.0,0.0,0.0,1.0,0.0,0.0,0.0,0.0,0.0,0.0,0.0,0.0,0.0,0.0,0.0,0.0,0.13151611096367966,0.32029999420046806,{}
Candidate_03,core_24h,24,cloud_edge,0,cloud_edge_seed0,0,9.085729598260176,0.0,0.0,0.0,1.0,1.0375289888674388,0.005187644944337194,0.0001365405077312867,0.0,0.0,0.0,0.0,0.009780389129892403,6.379859141711029e-05,9.0,1.5,36.0,0.1281463194674062,0.4211000050418079,"{'[0.0,0.1)': 9.0, '[0.1,0.2)': 0.0, '[0.2,0.4)': 0.0, '[0.4,0.6)': 0.0, '[0.6,1.0)': 0.0}"
Candidate_03,core_24h,24,cloud_edge,1,cloud_edge_seed1,0,9.564911330885439,0.0,0.0,0.0,1.0,0.35406688883528553,0.0017703344441764276,3.779593397271274e-05,0.0,0.0,0.0,0.0,0.0027304267219309952,6.2222439067114926e-06,4.0,0.6666666666666666,16.0,0.13067895833955845,0.32359999022446573,"{'[0.0,0.1)': 4.0, '[0.1,0.2)': 0.0, '[0.2,0.4)': 0.0, '[0.4,0.6)': 0.0, '[0.6,1.0)': 0.0}"
Candidate_03,core_24h,24,load_step,0,load_step_seed0,0,8.864685523530046,0.0,0.0,0.0,1.0,15.869535015783928,0.07934767507891964,0.001750253891425393,0.0,0.0,0.05557289323157968,0.0,0.10690266652394406,0.007468789167791659,24.5,4.208333333333333,101.0,0.131117847134495,0.3133999998681247,"{'[0.0,0.1)': 25.0, '[0.1,0.2)': 0.5, '[0.2,0.4)': 0.0, '[0.4,0.6)': 0.0, '[0.6,1.0)': 0.0}"
Candidate_03,core_24h,24,load_step,1,load_step_seed1,0,9.318418968303074,0.0,0.0,0.0,1.0,16.465439332138452,0.08232719666069226,0.0016596866868056003,0.0,0.0,0.05486756890494868,0.0,0.10281747168814709,0.005072649559335023,28.0,4.708333333333333,113.0,0.12945944389583827,0.31319999834522605,"{'[0.0,0.1)': 29.0, '[0.1,0.2)': 0.0, '[0.2,0.4)': 0.0, '[0.4,0.6)': 0.0, '[0.6,1.0)': 0.0}"
Candidate_03,core_24h,24,mixed,0,mixed_seed0,0,9.100503556094651,0.0,0.0,0.0,1.0,3.30862980467354,0.0165431490233677,0.000296875079374453,0.0,0.0,0.0,0.0,0.020778216741749733,0.0005332862085363287,9.0,1.5833333333333333,38.0,0.13367729223116637,0.5169000069145113,"{'[0.0,0.1)': 9.5, '[0.1,0.2)': 0.0, '[0.2,0.4)': 0.0, '[0.4,0.6)': 0.0, '[0.6,1.0)': 0.0}"
Candidate_03,core_24h,24,mixed,1,mixed_seed1,0,9.543129986508935,0.0,0.0,0.0,1.0,0.25326919884435545,0.0012663459942217773,2.1608199308447432e-05,0.0,0.0,0.0,0.0,0.0015620656926969845,2.6809783762616626e-06,2.5,0.4166666666666667,10.0,0.13159402767794542,0.380899989977479,"{'[0.0,0.1)': 2.5, '[0.1,0.2)': 0.0, '[0.2,0.4)': 0.0, '[0.4,0.6)': 0.0, '[0.6,1.0)': 0.0}"
Candidate_03,core_24h,24,wind_gust,0,wind_gust_seed0,0,9.346268361350157,0.0,0.0,0.0,1.0,0.6548506643823253,0.0032742533219116267,4.848892743606997e-05,0.0,0.0,0.0,0.0,0.0034878278191369516,1.008492345037761e-05,3.0,0.5,12.0,0.1289390972386981,0.3749000024981797,"{'[0.0,0.1)': 3.0, '[0.1,0.2)': 0.0, '[0.2,0.4)': 0.0, '[0.4,0.6)': 0.0, '[0.6,1.0)': 0.0}"
Candidate_03,core_24h,24,wind_gust,1,wind_gust_seed1,0,9.761570834547493,0.0,0.0,0.0,1.0,0.09532166599659167,0.00047660832998295833,6.92912514219656e-06,0.0,0.0,0.0,0.0,0.0005016929789294355,5.033916902141821e-07,0.5,0.08333333333333333,2.0,0.12910305498129068,0.36639999598264694,"{'[0.0,0.1)': 0.5, '[0.1,0.2)': 0.0, '[0.2,0.4)': 0.0, '[0.4,0.6)': 0.0, '[0.6,1.0)': 0.0}"
Candidate_03,medium_12h,12,cloud_edge,0,cloud_edge_seed0,0,8.911901135808762,0.0,0.0,0.0,1.0,1.4039606386284158,0.007019803193142079,0.00013309955468968827,0.0,0.0,0.0,0.0,0.0095151446652611,4.81034710849095e-05,5.5,1.8333333333333333,44.0,0.13213750029939952,0.43169999844394624,"{'[0.0,0.1)': 5.5, '[0.1,0.2)': 0.0, '[0.2,0.4)': 0.0, '[0.4,0.6)': 0.0, '[0.6,1.0)': 0.0}"
Candidate_03,medium_12h,12,cloud_edge,1,cloud_edge_seed1,0,8.642897192155019,0.0,0.0,0.0,1.0,0.03998521809660932,0.0001999260904830466,2.9047312810058002e-06,0.0,0.0,0.0,0.0,0.0002104485162979508,8.857715602401773e-08,0.5,0.16666666666666666,4.0,0.1296751395178338,0.34539998159743845,"{'[0.0,0.1)': 0.5, '[0.1,0.2)': 0.0, '[0.2,0.4)': 0.0, '[0.4,0.6)': 0.0, '[0.6,1.0)': 0.0}"
Candidate_03,medium_12h,12,load_step,0,load_step_seed0,0,8.478723369876164,0.0,0.0,0.0,1.0,2.074360262298501,0.010371801311492505,0.0001858622164562767,0.0,0.0,0.0011158743071640702,0.0,0.013152785851820198,0.00011659575837500535,6.5,2.1666666666666665,52.0,0.13000875005673151,0.4154999915044755,"{'[0.0,0.1)': 6.5, '[0.1,0.2)': 0.0, '[0.2,0.4)': 0.0, '[0.4,0.6)': 0.0, '[0.6,1.0)': 0.0}"
Candidate_03,medium_12h,12,load_step,1,load_step_seed1,0,9.189999204192103,0.0,0.0,0.0,1.0,0.0,0.0,0.0,0.0,0.0,0.0,0.0,0.0,0.0,0.0,0.0,0.0,0.13143805477334858,0.3031000087503344,{}
Candidate_03,medium_12h,12,mixed,0,mixed_seed0,0,8.73513562287991,0.0,0.0,0.0,1.0,1.236533464973856,0.00618266732486928,0.0001060942567693157,0.0,0.0,0.0,0.0,0.0075817470232535655,6.697656867809606e-05,5.0,1.6666666666666667,40.0,0.1318654171579207,0.585400004638359,"{'[0.0,0.1)': 5.0, '[0.1,0.2)': 0.0, '[0.2,0.4)': 0.0, '[0.4,0.6)': 0.0, '[0.6,1.0)': 0.0}"
Candidate_03,medium_12h,12,mixed,1,mixed_seed1,0,9.327873740197878,0.0,0.0,0.0,1.0,0.0,0.0,0.0,0.0,0.0,0.0,0.0,0.0,0.0,0.0,0.0,0.0,0.13199916651905774,0.5071000196039677,{}
Candidate_03,medium_12h,12,wind_gust,0,wind_gust_seed0,0,9.422130324384922,0.0,0.0,0.0,1.0,1.6870609788961357,0.008435304894480678,0.00017872406760733754,0.0,0.0,0.0,0.0,0.012727881285879927,0.00016784384192650083,5.0,1.6666666666666667,40.0,0.13011013894962767,0.4906000103801489,"{'[0.0,0.1)': 5.0, '[0.1,0.2)': 0.0, '[0.2,0.4)': 0.0, '[0.4,0.6)': 0.0, '[0.6,1.0)': 0.0}"
Candidate_03,medium_12h,12,wind_gust,1,wind_gust_seed1,0,9.55448363803617,0.0,0.0,0.0,1.0,0.0,0.0,0.0,0.0,0.0,0.0,0.0,0.0,0.0,0.0,0.0,0.0,0.13045708312549525,0.4523000097833574,{}
Candidate_04,compact_6h,6,cloud_edge,0,cloud_edge_seed0,0,9.456311658167253,0.0,0.0,0.0,1.0,0.018532827962051367,9.266413981025684e-05,1.3459828384592267e-06,0.0,0.0,0.0,0.0,9.754119980026621e-05,1.9028571316950905e-08,0.5,0.3333333333333333,8.0,0.12946861065251547,0.2784999960567802,"{'[0.0,0.1)': 0.5, '[0.1,0.2)': 0.0, '[0.2,0.4)': 0.0, '[0.4,0.6)': 0.0, '[0.6,1.0)': 0.0}"
Candidate_04,compact_6h,6,cloud_edge,1,cloud_edge_seed1,0,9.747855961967838,0.0,0.0,0.0,1.0,0.0,0.0,0.0,0.0,0.0,0.0,0.0,0.0,0.0,0.0,0.0,0.0,0.12992416587722902,0.31259999377653,{}
Candidate_04,compact_6h,6,mixed,0,mixed_seed0,0,9.456311658167253,0.0,0.0,0.0,1.0,0.018532827962051367,9.266413981025684e-05,1.3459828384592267e-06,0.0,0.0,0.0,0.0,9.754119980026621e-05,1.9028571316950905e-08,0.5,0.3333333333333333,8.0,0.12910583423541133,0.2730999840423465,"{'[0.0,0.1)': 0.5, '[0.1,0.2)': 0.0, '[0.2,0.4)': 0.0, '[0.4,0.6)': 0.0, '[0.6,1.0)': 0.0}"
Candidate_04,compact_6h,6,mixed,1,mixed_seed1,0,9.747855961967838,0.0,0.0,0.0,1.0,0.0,0.0,0.0,0.0,0.0,0.0,0.0,0.0,0.0,0.0,0.0,0.0,0.12991888943361118,0.2961000136565417,{}
Candidate_04,core_24h,24,cloud_edge,0,cloud_edge_seed0,0,9.085729598260176,0.0,0.0,0.0,1.0,1.0913211400320388,0.005456605700160194,0.00014437134524226825,0.0,0.0,0.0,0.0,0.010334532481317688,7.06002363077573e-05,9.0,1.5,36.0,0.130322084078216,0.3218000056222081,"{'[0.0,0.1)': 9.0, '[0.1,0.2)': 0.0, '[0.2,0.4)': 0.0, '[0.4,0.6)': 0.0, '[0.6,1.0)': 0.0}"
Candidate_04,core_24h,24,cloud_edge,1,cloud_edge_seed1,0,9.564911330885439,0.0,0.0,0.0,1.0,0.3833247226096942,0.001916623613048471,4.1959123654447124e-05,0.0,0.0,0.0,0.0,0.0030303299201810407,7.139442852840426e-06,4.0,0.6666666666666666,16.0,0.13018048622244452,0.3701999958138913,"{'[0.0,0.1)': 4.0, '[0.1,0.2)': 0.0, '[0.2,0.4)': 0.0, '[0.4,0.6)': 0.0, '[0.6,1.0)': 0.0}"
Candidate_04,core_24h,24,load_step,0,load_step_seed0,0,8.890349884606222,0.0,0.0,0.0,1.0,16.19285612131505,0.08096428060657525,0.0017892259774480303,0.0,0.0,0.05626086160098998,0.0,0.10903643749984815,0.007659765655724879,25.5,4.333333333333333,104.0,0.12987027799277306,0.4391000256873667,"{'[0.0,0.1)': 26.0, '[0.1,0.2)': 0.5, '[0.2,0.4)': 0.0, '[0.4,0.6)': 0.0, '[0.6,1.0)': 0.0}"
Candidate_04,core_24h,24,load_step,1,load_step_seed1,0,9.306108020907054,0.0,0.0,0.0,1.0,16.56237148020137,0.08281185740100686,0.001703417879930817,0.0,0.0,0.05491856414770956,0.0,0.10517639442087987,0.005221615059917794,28.5,4.75,114.0,0.1300847915546102,0.38559999666176736,"{'[0.0,0.1)': 29.5, '[0.1,0.2)': 0.0, '[0.2,0.4)': 0.0, '[0.4,0.6)': 0.0, '[0.6,1.0)': 0.0}"
Candidate_04,core_24h,24,mixed,0,mixed_seed0,0,9.094758294895314,0.0,0.0,0.0,1.0,3.4169794286015396,0.017084897143007698,0.00031045068110952266,0.0,0.0,0.0,0.0,0.021706367017526457,0.0005653018932651067,9.0,1.5833333333333333,38.0,0.12875701375176302,0.38320000749081373,"{'[0.0,0.1)': 9.5, '[0.1,0.2)': 0.0, '[0.2,0.4)': 0.0, '[0.4,0.6)': 0.0, '[0.6,1.0)': 0.0}"
Candidate_04,core_24h,24,mixed,1,mixed_seed1,0,9.543129986508935,0.0,0.0,0.0,1.0,0.2743580113630767,0.0013717900568153835,2.3456159647246256e-05,0.0,0.0,0.0,0.0,0.0016952451048853345,3.054322487873014e-06,2.5,0.4166666666666667,10.0,0.13052902791565024,0.3291000030003488,"{'[0.0,0.1)': 2.5, '[0.1,0.2)': 0.0, '[0.2,0.4)': 0.0, '[0.4,0.6)': 0.0, '[0.6,1.0)': 0.0}"
Candidate_04,core_24h,24,wind_gust,0,wind_gust_seed0,0,9.346268361350157,0.0,0.0,0.0,1.0,0.6868266681709639,0.00343413334085482,5.120897278429141e-05,0.0,0.0,0.0,0.0,0.0036820425780865196,1.0969115376269383e-05,3.0,0.5,12.0,0.12886222246177365,0.4050999996252358,"{'[0.0,0.1)': 3.0, '[0.1,0.2)': 0.0, '[0.2,0.4)': 0.0, '[0.4,0.6)': 0.0, '[0.6,1.0)': 0.0}"
Candidate_04,core_24h,24,wind_gust,1,wind_gust_seed1,0,9.761570834547493,0.0,0.0,0.0,1.0,0.10148409345854002,0.0005074204672927002,7.377614697012008e-06,0.0,0.0,0.0,0.0,0.0005341268076765049,5.705828933573881e-07,0.5,0.08333333333333333,2.0,0.1287393751327828,0.40970000554807484,"{'[0.0,0.1)': 0.5, '[0.1,0.2)': 0.0, '[0.2,0.4)': 0.0, '[0.4,0.6)': 0.0, '[0.6,1.0)': 0.0}"
Candidate_04,medium_12h,12,cloud_edge,0,cloud_edge_seed0,0,8.911901135808762,0.0,0.0,0.0,1.0,1.469356686966293,0.007346783434831465,0.00014008119079523415,0.0,0.0,0.0,0.0,0.010007572895138511,5.257072399171567e-05,5.5,1.8333333333333333,44.0,0.12954541691417237,0.3212000010535121,"{'[0.0,0.1)': 5.5, '[0.1,0.2)': 0.0, '[0.2,0.4)': 0.0, '[0.4,0.6)': 0.0, '[0.6,1.0)': 0.0}"
Candidate_04,medium_12h,12,cloud_edge,1,cloud_edge_seed1,0,8.642897192155019,0.0,0.0,0.0,1.0,0.04402990215009039,0.00022014951075045194,3.198708764430168e-06,0.0,0.0,0.0,0.0,0.00023173632710574155,1.0740345060091849e-07,0.5,0.16666666666666666,4.0,0.12891111077300998,0.31599999056197703,"{'[0.0,0.1)': 0.5, '[0.1,0.2)': 0.0, '[0.2,0.4)': 0.0, '[0.4,0.6)': 0.0, '[0.6,1.0)': 0.0}"
Candidate_04,medium_12h,12,load_step,0,load_step_seed0,0,8.478723369876164,0.0,0.0,0.0,1.0,2.1577652162815593,0.010788826081407797,0.00019497082745242097,0.0,0.0,0.0013166326396600932,0.0,0.013783677295969299,0.000126529409780067,6.5,2.1666666666666665,52.0,0.12788763916533855,0.3114999854005873,"{'[0.0,0.1)': 6.5, '[0.1,0.2)': 0.0, '[0.2,0.4)': 0.0, '[0.4,0.6)': 0.0, '[0.6,1.0)': 0.0}"
Candidate_04,medium_12h,12,load_step,1,load_step_seed1,0,9.189999204192103,0.0,0.0,0.0,1.0,0.0,0.0,0.0,0.0,0.0,0.0,0.0,0.0,0.0,0.0,0.0,0.0,0.12714874998588735,0.2741999924182892,{}
Candidate_04,medium_12h,12,mixed,0,mixed_seed0,0,8.73513562287991,0.0,0.0,0.0,1.0,1.2866030281598817,0.006433015140799409,0.0001105261915396371,0.0,0.0,0.0,0.0,0.007894284047165884,7.21045680670125e-05,5.0,1.6666666666666667,40.0,0.13066972229959598,0.3231000155210495,"{'[0.0,0.1)': 5.0, '[0.1,0.2)': 0.0, '[0.2,0.4)': 0.0, '[0.4,0.6)': 0.0, '[0.6,1.0)': 0.0}"
Candidate_04,medium_12h,12,mixed,1,mixed_seed1,0,9.327873740197878,0.0,0.0,0.0,1.0,0.0,0.0,0.0,0.0,0.0,0.0,0.0,0.0,0.0,0.0,0.0,0.0,0.12934486136752335,0.2887000155169517,{}
Candidate_04,medium_12h,12,wind_gust,0,wind_gust_seed0,0,9.422130324384922,0.0,0.0,0.0,1.0,1.7557307063706993,0.008778653531853496,0.0001872580368758665,0.0,0.0,0.0,0.0,0.013327219694878961,0.00018200611069663122,5.0,1.6666666666666667,40.0,0.12967263982217345,0.5333000153768808,"{'[0.0,0.1)': 5.0, '[0.1,0.2)': 0.0, '[0.2,0.4)': 0.0, '[0.4,0.6)': 0.0, '[0.6,1.0)': 0.0}"
Candidate_04,medium_12h,12,wind_gust,1,wind_gust_seed1,0,9.55448363803617,0.0,0.0,0.0,1.0,0.0,0.0,0.0,0.0,0.0,0.0,0.0,0.0,0.0,0.0,0.0,0.0,0.12767069407952172,0.29090000316500664,{}
Candidate_05,compact_6h,6,cloud_edge,0,cloud_edge_seed0,0,9.456311658167253,0.0,0.0,0.0,1.0,0.017073394256996374,8.536697128498187e-05,1.2399675071713903e-06,0.0,0.0,0.0,0.0,8.985996977367572e-05,1.6149628335451827e-08,0.5,0.3333333333333333,8.0,0.129696111414685,0.30250000418163836,"{'[0.0,0.1)': 0.5, '[0.1,0.2)': 0.0, '[0.2,0.4)': 0.0, '[0.4,0.6)': 0.0, '[0.6,1.0)': 0.0}"
Candidate_05,compact_6h,6,cloud_edge,1,cloud_edge_seed1,0,9.747855961967838,0.0,0.0,0.0,1.0,0.0,0.0,0.0,0.0,0.0,0.0,0.0,0.0,0.0,0.0,0.0,0.0,0.12972722195425174,0.28360000578686595,{}
Candidate_05,compact_6h,6,mixed,0,mixed_seed0,0,9.456311658167253,0.0,0.0,0.0,1.0,0.017073394256996374,8.536697128498187e-05,1.2399675071713903e-06,0.0,0.0,0.0,0.0,8.985996977367572e-05,1.6149628335451827e-08,0.5,0.3333333333333333,8.0,0.13030055480258954,0.32789999386295676,"{'[0.0,0.1)': 0.5, '[0.1,0.2)': 0.0, '[0.2,0.4)': 0.0, '[0.4,0.6)': 0.0, '[0.6,1.0)': 0.0}"
Candidate_05,compact_6h,6,mixed,1,mixed_seed1,0,9.747855961967838,0.0,0.0,0.0,1.0,0.0,0.0,0.0,0.0,0.0,0.0,0.0,0.0,0.0,0.0,0.0,0.0,0.13022138890745635,0.33060001442208886,{}
Candidate_05,core_24h,24,cloud_edge,0,cloud_edge_seed0,0,9.085729598260176,0.0,0.0,0.0,1.0,1.0300661729408813,0.005150330864704407,0.0001337738600036635,0.0,0.0,0.0,0.0,0.009583999237088303,6.279738770890155e-05,9.0,1.5,36.0,0.13606972222785568,0.7212999917101115,"{'[0.0,0.1)': 9.0, '[0.1,0.2)': 0.0, '[0.2,0.4)': 0.0, '[0.4,0.6)': 0.0, '[0.6,1.0)': 0.0}"
Candidate_05,core_24h,24,cloud_edge,1,cloud_edge_seed1,0,9.564911330885439,0.0,0.0,0.0,1.0,0.346273186667684,0.00173136593333842,3.722521837937949e-05,0.0,0.0,0.0,0.0,0.0026894072368383592,6.189084456653656e-06,4.0,0.6666666666666666,16.0,0.1277945136179268,0.3375000087544322,"{'[0.0,0.1)': 4.0, '[0.1,0.2)': 0.0, '[0.2,0.4)': 0.0, '[0.4,0.6)': 0.0, '[0.6,1.0)': 0.0}"
Candidate_05,core_24h,24,load_step,0,load_step_seed0,0,8.864685523530046,0.0,0.0,0.0,1.0,15.847222759683854,0.07923611379841927,0.0017512024143344826,0.0,0.0,0.05557289323157968,0.0,0.10695211956201386,0.007477213952216967,24.5,4.208333333333333,101.0,0.13032666637526644,0.3271000168751925,"{'[0.0,0.1)': 25.0, '[0.1,0.2)': 0.5, '[0.2,0.4)': 0.0, '[0.4,0.6)': 0.0, '[0.6,1.0)': 0.0}"
Candidate_05,core_24h,24,load_step,1,load_step_seed1,0,9.318418968303074,0.0,0.0,0.0,1.0,16.314342548341386,0.08157171274170694,0.0016549996333780359,0.0,0.0,0.05486756890494868,0.0,0.10251940577539934,0.005092666450057094,28.5,4.791666666666667,115.0,0.12987604188512908,0.3085000207647681,"{'[0.0,0.1)': 29.5, '[0.1,0.2)': 0.0, '[0.2,0.4)': 0.0, '[0.4,0.6)': 0.0, '[0.6,1.0)': 0.0}"
Candidate_05,core_24h,24,mixed,0,mixed_seed0,0,9.100503556094651,0.0,0.0,0.0,1.0,3.2941229098148774,0.016470614549074388,0.00029360476623334955,0.0,0.0,0.0,0.0,0.02054916050713923,0.0005282127586823632,9.0,1.5833333333333333,38.0,0.130013749973538,0.5710000114049762,"{'[0.0,0.1)': 9.5, '[0.1,0.2)': 0.0, '[0.2,0.4)': 0.0, '[0.4,0.6)': 0.0, '[0.6,1.0)': 0.0}"
Candidate_05,core_24h,24,mixed,1,mixed_seed1,0,9.543129986508935,0.0,0.0,0.0,1.0,0.24698633329102554,0.0012349316664551277,2.1148861838259336e-05,0.0,0.0,0.0,0.0,0.0015289979792584008,2.532669234620245e-06,2.5,0.4166666666666667,10.0,0.13189444420681362,0.3561000048648566,"{'[0.0,0.1)': 2.5, '[0.1,0.2)': 0.0, '[0.2,0.4)': 0.0, '[0.4,0.6)': 0.0, '[0.6,1.0)': 0.0}"
Candidate_05,core_24h,24,wind_gust,0,wind_gust_seed0,0,9.346268361350157,0.0,0.0,0.0,1.0,0.6469586524017518,0.003234793262008759,4.790713242624582e-05,0.0,0.0,0.0,0.0,0.0034462909139760245,1.0069970724794598e-05,3.0,0.5,12.0,0.12881715293689114,0.31159998616203666,"{'[0.0,0.1)': 3.0, '[0.1,0.2)': 0.0, '[0.2,0.4)': 0.0, '[0.4,0.6)': 0.0, '[0.6,1.0)': 0.0}"
Candidate_05,core_24h,24,wind_gust,1,wind_gust_seed1,0,9.761570834547493,0.0,0.0,0.0,1.0,0.09532166599659167,0.00047660832998295833,6.92912514219656e-06,0.0,0.0,0.0,0.0,0.0005016929789294355,5.033916902141821e-07,0.5,0.08333333333333333,2.0,0.13116687469947566,0.3616000176407397,"{'[0.0,0.1)': 0.5, '[0.1,0.2)': 0.0, '[0.2,0.4)': 0.0, '[0.4,0.6)': 0.0, '[0.6,1.0)': 0.0}"
Candidate_05,medium_12h,12,cloud_edge,0,cloud_edge_seed0,0,8.911901135808762,0.0,0.0,0.0,1.0,1.4039606386284158,0.007019803193142079,0.00013309955468968827,0.0,0.0,0.0,0.0,0.0095151446652611,4.81034710849095e-05,5.5,1.8333333333333333,44.0,0.12827611151604085,0.30590000096708536,"{'[0.0,0.1)': 5.5, '[0.1,0.2)': 0.0, '[0.2,0.4)': 0.0, '[0.4,0.6)': 0.0, '[0.6,1.0)': 0.0}"
Candidate_05,medium_12h,12,cloud_edge,1,cloud_edge_seed1,0,8.642897192155019,0.0,0.0,0.0,1.0,0.03998521809660932,0.0001999260904830466,2.9047312810058002e-06,0.0,0.0,0.0,0.0,0.0002104485162979508,8.857715602401773e-08,0.5,0.16666666666666666,4.0,0.1282001391599705,0.33260000054724514,"{'[0.0,0.1)': 0.5, '[0.1,0.2)': 0.0, '[0.2,0.4)': 0.0, '[0.4,0.6)': 0.0, '[0.6,1.0)': 0.0}"
Candidate_05,medium_12h,12,load_step,0,load_step_seed0,0,8.478723369876164,0.0,0.0,0.0,1.0,2.074360262298501,0.010371801311492505,0.0001858622164562767,0.0,0.0,0.0011158743071640702,0.0,0.013152785851820198,0.00011659575837500535,6.5,2.1666666666666665,52.0,0.13105875000797418,0.3547999949660152,"{'[0.0,0.1)': 6.5, '[0.1,0.2)': 0.0, '[0.2,0.4)': 0.0, '[0.4,0.6)': 0.0, '[0.6,1.0)': 0.0}"
Candidate_05,medium_12h,12,load_step,1,load_step_seed1,0,9.189999204192103,0.0,0.0,0.0,1.0,0.0,0.0,0.0,0.0,0.0,0.0,0.0,0.0,0.0,0.0,0.0,0.0,0.13252166613205596,0.4515000036917627,{}
Candidate_05,medium_12h,12,mixed,0,mixed_seed0,0,8.846631508860874,0.0,0.0,0.0,1.0,1.254678210748147,0.006273391053740735,0.00011237266074343183,0.0,0.0,0.0,0.0,0.008025080031200199,8.780975681348059e-05,5.5,1.8333333333333333,44.0,0.12948513871783185,0.2769000129774213,"{'[0.0,0.1)': 5.5, '[0.1,0.2)': 0.0, '[0.2,0.4)': 0.0, '[0.4,0.6)': 0.0, '[0.6,1.0)': 0.0}"
Candidate_05,medium_12h,12,mixed,1,mixed_seed1,0,9.327873740197878,0.0,0.0,0.0,1.0,0.0,0.0,0.0,0.0,0.0,0.0,0.0,0.0,0.0,0.0,0.0,0.0,0.1283295831348773,0.33310000435449183,{}
Candidate_05,medium_12h,12,wind_gust,0,wind_gust_seed0,0,9.422130324384922,0.0,0.0,0.0,1.0,1.6755613442399264,0.008377806721199633,0.00017638813063382166,0.0,0.0,0.0,0.0,0.0125620129997156,0.00016535660818889014,5.0,1.6666666666666667,40.0,0.1285534720712652,0.30010001501068473,"{'[0.0,0.1)': 5.0, '[0.1,0.2)': 0.0, '[0.2,0.4)': 0.0, '[0.4,0.6)': 0.0, '[0.6,1.0)': 0.0}"
Candidate_05,medium_12h,12,wind_gust,1,wind_gust_seed1,0,9.55448363803617,0.0,0.0,0.0,1.0,0.0,0.0,0.0,0.0,0.0,0.0,0.0,0.0,0.0,0.0,0.0,0.0,0.13020319497122224,0.382099999114871,{}
Candidate_06,compact_6h,6,cloud_edge,0,cloud_edge_seed0,0,9.456311658167253,0.0,0.0,0.0,1.0,0.017073394256996374,8.536697128498187e-05,1.2399675071713903e-06,0.0,0.0,0.0,0.0,8.985996977367572e-05,1.6149628335451827e-08,0.5,0.3333333333333333,8.0,0.12887444366545728,0.35669998032972217,"{'[0.0,0.1)': 0.5, '[0.1,0.2)': 0.0, '[0.2,0.4)': 0.0, '[0.4,0.6)': 0.0, '[0.6,1.0)': 0.0}"
Candidate_06,compact_6h,6,cloud_edge,1,cloud_edge_seed1,0,9.747855961967838,0.0,0.0,0.0,1.0,0.0,0.0,0.0,0.0,0.0,0.0,0.0,0.0,0.0,0.0,0.0,0.0,0.12738000118083115,0.27540000155568123,{}
Candidate_06,compact_6h,6,mixed,0,mixed_seed0,0,9.456311658167253,0.0,0.0,0.0,1.0,0.017073394256996374,8.536697128498187e-05,1.2399675071713903e-06,0.0,0.0,0.0,0.0,8.985996977367572e-05,1.6149628335451827e-08,0.5,0.3333333333333333,8.0,0.12996750051065142,0.3364000003784895,"{'[0.0,0.1)': 0.5, '[0.1,0.2)': 0.0, '[0.2,0.4)': 0.0, '[0.4,0.6)': 0.0, '[0.6,1.0)': 0.0}"
Candidate_06,compact_6h,6,mixed,1,mixed_seed1,0,9.747855961967838,0.0,0.0,0.0,1.0,0.0,0.0,0.0,0.0,0.0,0.0,0.0,0.0,0.0,0.0,0.0,0.0,0.12998222171316026,0.3249000001233071,{}
Candidate_06,core_24h,24,cloud_edge,0,cloud_edge_seed0,0,9.085729598260176,0.0,0.0,0.0,1.0,1.0375289888674388,0.005187644944337194,0.0001365405077312867,0.0,0.0,0.0,0.0,0.009780389129892403,6.379859141711029e-05,9.0,1.5,36.0,0.1318434027780313,0.3530000103637576,"{'[0.0,0.1)': 9.0, '[0.1,0.2)': 0.0, '[0.2,0.4)': 0.0, '[0.4,0.6)': 0.0, '[0.6,1.0)': 0.0}"
Candidate_06,core_24h,24,cloud_edge,1,cloud_edge_seed1,0,9.564911330885439,0.0,0.0,0.0,1.0,0.35406688883528553,0.0017703344441764276,3.779593397271274e-05,0.0,0.0,0.0,0.0,0.0027304267219309952,6.2222439067114926e-06,4.0,0.6666666666666666,16.0,0.13430833322571642,0.35879999632015824,"{'[0.0,0.1)': 4.0, '[0.1,0.2)': 0.0, '[0.2,0.4)': 0.0, '[0.4,0.6)': 0.0, '[0.6,1.0)': 0.0}"
Candidate_06,core_24h,24,load_step,0,load_step_seed0,0,8.946291543491917,0.0,0.0,0.0,1.0,16.826377261129934,0.08413188630564968,0.0018342489788743684,0.0,0.0,0.05557289323157968,0.0,0.11135062393470663,0.0071551865710981445,31.0,5.166666666666667,124.0,0.12798409756619045,0.28089998522773385,"{'[0.0,0.1)': 31.5, '[0.1,0.2)': 0.5, '[0.2,0.4)': 0.0, '[0.4,0.6)': 0.0, '[0.6,1.0)': 0.0}"
Candidate_06,core_24h,24,load_step,1,load_step_seed1,0,9.319597967136554,0.0,0.0,0.0,1.0,16.791432619222174,0.08395716309611087,0.001667719391554055,0.0,0.0,0.05486756890494868,0.0,0.10327497092873342,0.0050625250475660796,34.0,5.416666666666667,130.0,0.13619319417759673,0.47270001959986985,"{'[0.0,0.1)': 35.0, '[0.1,0.2)': 0.0, '[0.2,0.4)': 0.0, '[0.4,0.6)': 0.0, '[0.6,1.0)': 0.0}"
Candidate_06,core_24h,24,mixed,0,mixed_seed0,0,9.100503556094651,0.0,0.0,0.0,1.0,3.30862980467354,0.0165431490233677,0.000296875079374453,0.0,0.0,0.0,0.0,0.020778216741749733,0.0005332862085363287,9.0,1.5833333333333333,38.0,0.13017770852457033,0.36669999826699495,"{'[0.0,0.1)': 9.5, '[0.1,0.2)': 0.0, '[0.2,0.4)': 0.0, '[0.4,0.6)': 0.0, '[0.6,1.0)': 0.0}"
Candidate_06,core_24h,24,mixed,1,mixed_seed1,0,9.543129986508935,0.0,0.0,0.0,1.0,0.25326919884435545,0.0012663459942217773,2.1608199308447432e-05,0.0,0.0,0.0,0.0,0.0015620656926969845,2.6809783762616626e-06,2.5,0.4166666666666667,10.0,0.13568923608949668,0.45900000259280205,"{'[0.0,0.1)': 2.5, '[0.1,0.2)': 0.0, '[0.2,0.4)': 0.0, '[0.4,0.6)': 0.0, '[0.6,1.0)': 0.0}"
Candidate_06,core_24h,24,wind_gust,0,wind_gust_seed0,0,9.346268361350157,0.0,0.0,0.0,1.0,0.6548506643823253,0.0032742533219116267,4.848892743606997e-05,0.0,0.0,0.0,0.0,0.0034878278191369516,1.008492345037761e-05,3.0,0.5,12.0,0.13004805528503816,0.3899000003002584,"{'[0.0,0.1)': 3.0, '[0.1,0.2)': 0.0, '[0.2,0.4)': 0.0, '[0.4,0.6)': 0.0, '[0.6,1.0)': 0.0}"
Candidate_06,core_24h,24,wind_gust,1,wind_gust_seed1,0,9.761570834547493,0.0,0.0,0.0,1.0,0.09532166599659167,0.00047660832998295833,6.92912514219656e-06,0.0,0.0,0.0,0.0,0.0005016929789294355,5.033916902141821e-07,0.5,0.08333333333333333,2.0,0.12857145852144136,0.3718000079970807,"{'[0.0,0.1)': 0.5, '[0.1,0.2)': 0.0, '[0.2,0.4)': 0.0, '[0.4,0.6)': 0.0, '[0.6,1.0)': 0.0}"
Candidate_06,medium_12h,12,cloud_edge,0,cloud_edge_seed0,0,8.911901135808762,0.0,0.0,0.0,1.0,1.4039606386284158,0.007019803193142079,0.00013309955468968827,0.0,0.0,0.0,0.0,0.0095151446652611,4.81034710849095e-05,5.5,1.8333333333333333,44.0,0.13083916641739457,0.30540002626366913,"{'[0.0,0.1)': 5.5, '[0.1,0.2)': 0.0, '[0.2,0.4)': 0.0, '[0.4,0.6)': 0.0, '[0.6,1.0)': 0.0}"
Candidate_06,medium_12h,12,cloud_edge,1,cloud_edge_seed1,0,8.642897192155019,0.0,0.0,0.0,1.0,0.03998521809660932,0.0001999260904830466,2.9047312810058002e-06,0.0,0.0,0.0,0.0,0.0002104485162979508,8.857715602401773e-08,0.5,0.16666666666666666,4.0,0.13277250113282613,0.7875999726820737,"{'[0.0,0.1)': 0.5, '[0.1,0.2)': 0.0, '[0.2,0.4)': 0.0, '[0.4,0.6)': 0.0, '[0.6,1.0)': 0.0}"
Candidate_06,medium_12h,12,load_step,0,load_step_seed0,0,8.478723369876164,0.0,0.0,0.0,1.0,2.074360262298501,0.010371801311492505,0.0001858622164562767,0.0,0.0,0.0011158743071640702,0.0,0.013152785851820198,0.00011659575837500535,6.5,2.1666666666666665,52.0,0.1426527776655146,1.4612000086344779,"{'[0.0,0.1)': 6.5, '[0.1,0.2)': 0.0, '[0.2,0.4)': 0.0, '[0.4,0.6)': 0.0, '[0.6,1.0)': 0.0}"
Candidate_06,medium_12h,12,load_step,1,load_step_seed1,0,9.189999204192103,0.0,0.0,0.0,1.0,0.0,0.0,0.0,0.0,0.0,0.0,0.0,0.0,0.0,0.0,0.0,0.0,0.12663791660290574,0.30440001864917576,{}
Candidate_06,medium_12h,12,mixed,0,mixed_seed0,0,8.73513562287991,0.0,0.0,0.0,1.0,1.236533464973856,0.00618266732486928,0.0001060942567693157,0.0,0.0,0.0,0.0,0.0075817470232535655,6.697656867809606e-05,5.0,1.6666666666666667,40.0,0.12903583325775494,0.3116000152658671,"{'[0.0,0.1)': 5.0, '[0.1,0.2)': 0.0, '[0.2,0.4)': 0.0, '[0.4,0.6)': 0.0, '[0.6,1.0)': 0.0}"
Candidate_06,medium_12h,12,mixed,1,mixed_seed1,0,9.327873740197878,0.0,0.0,0.0,1.0,0.0,0.0,0.0,0.0,0.0,0.0,0.0,0.0,0.0,0.0,0.0,0.0,0.1299519442303184,0.27829999453388155,{}
Candidate_06,medium_12h,12,wind_gust,0,wind_gust_seed0,0,9.422130324384922,0.0,0.0,0.0,1.0,1.6870609788961357,0.008435304894480678,0.00017872406760733754,0.0,0.0,0.0,0.0,0.012727881285879927,0.00016784384192650083,5.0,1.6666666666666667,40.0,0.13014194353470682,0.35429999115876853,"{'[0.0,0.1)': 5.0, '[0.1,0.2)': 0.0, '[0.2,0.4)': 0.0, '[0.4,0.6)': 0.0, '[0.6,1.0)': 0.0}"
Candidate_06,medium_12h,12,wind_gust,1,wind_gust_seed1,0,9.55448363803617,0.0,0.0,0.0,1.0,0.0,0.0,0.0,0.0,0.0,0.0,0.0,0.0,0.0,0.0,0.0,0.0,0.13360013868401033,0.3410999779589474,{}
Candidate_07,compact_6h,6,cloud_edge,0,cloud_edge_seed0,0,9.456311658167253,0.0,0.0,0.0,1.0,0.017073394256996374,8.536697128498187e-05,1.2399675071713903e-06,0.0,0.0,0.0,0.0,8.985996977367572e-05,1.6149628335451827e-08,0.5,0.3333333333333333,8.0,0.12924972292643766,0.30759998480789363,"{'[0.0,0.1)': 0.5, '[0.1,0.2)': 0.0, '[0.2,0.4)': 0.0, '[0.4,0.6)': 0.0, '[0.6,1.0)': 0.0}"
Candidate_07,compact_6h,6,cloud_edge,1,cloud_edge_seed1,0,9.747855961967838,0.0,0.0,0.0,1.0,0.0,0.0,0.0,0.0,0.0,0.0,0.0,0.0,0.0,0.0,0.0,0.0,0.12945610999142648,0.2941999991890043,{}
Candidate_07,compact_6h,6,mixed,0,mixed_seed0,0,9.456311658167253,0.0,0.0,0.0,1.0,0.017073394256996374,8.536697128498187e-05,1.2399675071713903e-06,0.0,0.0,0.0,0.0,8.985996977367572e-05,1.6149628335451827e-08,0.5,0.3333333333333333,8.0,0.1280463899699195,0.29340002220124006,"{'[0.0,0.1)': 0.5, '[0.1,0.2)': 0.0, '[0.2,0.4)': 0.0, '[0.4,0.6)': 0.0, '[0.6,1.0)': 0.0}"
Candidate_07,compact_6h,6,mixed,1,mixed_seed1,0,9.747855961967838,0.0,0.0,0.0,1.0,0.0,0.0,0.0,0.0,0.0,0.0,0.0,0.0,0.0,0.0,0.0,0.0,0.12800055628758855,0.3074999840464443,{}
Candidate_07,core_24h,24,cloud_edge,0,cloud_edge_seed0,0,9.085729598260176,0.0,0.0,0.0,1.0,1.0375289888674388,0.005187644944337194,0.0001365405077312867,0.0,0.0,0.0,0.0,0.009780389129892403,6.379859141711029e-05,9.0,1.5,36.0,0.12808750060584215,0.30499999411404133,"{'[0.0,0.1)': 9.0, '[0.1,0.2)': 0.0, '[0.2,0.4)': 0.0, '[0.4,0.6)': 0.0, '[0.6,1.0)': 0.0}"
Candidate_07,core_24h,24,cloud_edge,1,cloud_edge_seed1,0,9.564911330885439,0.0,0.0,0.0,1.0,0.35406688883528553,0.0017703344441764276,3.779593397271274e-05,0.0,0.0,0.0,0.0,0.0027304267219309952,6.2222439067114926e-06,4.0,0.6666666666666666,16.0,0.1331265284534311,0.6862999871373177,"{'[0.0,0.1)': 4.0, '[0.1,0.2)': 0.0, '[0.2,0.4)': 0.0, '[0.4,0.6)': 0.0, '[0.6,1.0)': 0.0}"
Candidate_07,core_24h,24,load_step,0,load_step_seed0,0,8.954091210334271,0.0,0.0,0.0,1.0,16.90919658131637,0.08454598290658184,0.001715654405758169,0.0,0.0,0.05557289323157968,0.0,0.10509097295575096,0.006951825186558119,29.5,4.916666666666667,118.0,0.13316381947434922,0.4915999888908118,"{'[0.0,0.1)': 30.0, '[0.1,0.2)': 0.5, '[0.2,0.4)': 0.0, '[0.4,0.6)': 0.0, '[0.6,1.0)': 0.0}"
Candidate_07,core_24h,24,load_step,1,load_step_seed1,0,9.327078760815363,0.0,0.0,0.0,1.0,16.968816225318673,0.08484408112659336,0.0017142005811369094,0.0,0.0,0.05486756890494868,0.0,0.10583299918962016,0.005244040793677457,32.0,5.166666666666667,124.0,0.13247701378228763,0.46969999675638974,"{'[0.0,0.1)': 33.0, '[0.1,0.2)': 0.0, '[0.2,0.4)': 0.0, '[0.4,0.6)': 0.0, '[0.6,1.0)': 0.0}"
Candidate_07,core_24h,24,mixed,0,mixed_seed0,0,9.100503556094651,0.0,0.0,0.0,1.0,3.30862980467354,0.0165431490233677,0.000296875079374453,0.0,0.0,0.0,0.0,0.020778216741749733,0.0005332862085363287,9.0,1.5833333333333333,38.0,0.1290997218853186,0.32029999420046806,"{'[0.0,0.1)': 9.5, '[0.1,0.2)': 0.0, '[0.2,0.4)': 0.0, '[0.4,0.6)': 0.0, '[0.6,1.0)': 0.0}"
Candidate_07,core_24h,24,mixed,1,mixed_seed1,0,9.543129986508935,0.0,0.0,0.0,1.0,0.25326919884435545,0.0012663459942217773,2.1608199308447432e-05,0.0,0.0,0.0,0.0,0.0015620656926969845,2.6809783762616626e-06,2.5,0.4166666666666667,10.0,0.12863743122579763,0.31850000959821045,"{'[0.0,0.1)': 2.5, '[0.1,0.2)': 0.0, '[0.2,0.4)': 0.0, '[0.4,0.6)': 0.0, '[0.6,1.0)': 0.0}"
Candidate_07,core_24h,24,wind_gust,0,wind_gust_seed0,0,9.346268361350157,0.0,0.0,0.0,1.0,0.6548506643823253,0.0032742533219116267,4.848892743606997e-05,0.0,0.0,0.0,0.0,0.0034878278191369516,1.008492345037761e-05,3.0,0.5,12.0,0.13663277782648542,0.515899999300018,"{'[0.0,0.1)': 3.0, '[0.1,0.2)': 0.0, '[0.2,0.4)': 0.0, '[0.4,0.6)': 0.0, '[0.6,1.0)': 0.0}"
Candidate_07,core_24h,24,wind_gust,1,wind_gust_seed1,0,9.761570834547493,0.0,0.0,0.0,1.0,0.09532166599659167,0.00047660832998295833,6.92912514219656e-06,0.0,0.0,0.0,0.0,0.0005016929789294355,5.033916902141821e-07,0.5,0.08333333333333333,2.0,0.1331560419405125,0.35170000046491623,"{'[0.0,0.1)': 0.5, '[0.1,0.2)': 0.0, '[0.2,0.4)': 0.0, '[0.4,0.6)': 0.0, '[0.6,1.0)': 0.0}"
Candidate_07,medium_12h,12,cloud_edge,0,cloud_edge_seed0,0,8.911901135808762,0.0,0.0,0.0,1.0,1.4039606386284158,0.007019803193142079,0.00013309955468968827,0.0,0.0,0.0,0.0,0.0095151446652611,4.81034710849095e-05,5.5,1.8333333333333333,44.0,0.12888319542980753,0.2975999959744513,"{'[0.0,0.1)': 5.5, '[0.1,0.2)': 0.0, '[0.2,0.4)': 0.0, '[0.4,0.6)': 0.0, '[0.6,1.0)': 0.0}"
Candidate_07,medium_12h,12,cloud_edge,1,cloud_edge_seed1,0,8.642897192155019,0.0,0.0,0.0,1.0,0.03998521809660932,0.0001999260904830466,2.9047312810058002e-06,0.0,0.0,0.0,0.0,0.0002104485162979508,8.857715602401773e-08,0.5,0.16666666666666666,4.0,0.12806027779232762,0.3372000064700842,"{'[0.0,0.1)': 0.5, '[0.1,0.2)': 0.0, '[0.2,0.4)': 0.0, '[0.4,0.6)': 0.0, '[0.6,1.0)': 0.0}"
Candidate_07,medium_12h,12,load_step,0,load_step_seed0,0,8.478723369876164,0.0,0.0,0.0,1.0,2.074360262298501,0.010371801311492505,0.0001858622164562767,0.0,0.0,0.0011158743071640702,0.0,0.013152785851820198,0.00011659575837500535,6.5,2.1666666666666665,52.0,0.12895152843460286,0.30800001695752144,"{'[0.0,0.1)': 6.5, '[0.1,0.2)': 0.0, '[0.2,0.4)': 0.0, '[0.4,0.6)': 0.0, '[0.6,1.0)': 0.0}"
Candidate_07,medium_12h,12,load_step,1,load_step_seed1,0,9.189999204192103,0.0,0.0,0.0,1.0,0.0,0.0,0.0,0.0,0.0,0.0,0.0,0.0,0.0,0.0,0.0,0.0,0.12775708326242036,0.365100015187636,{}
Candidate_07,medium_12h,12,mixed,0,mixed_seed0,0,8.73513562287991,0.0,0.0,0.0,1.0,1.236533464973856,0.00618266732486928,0.0001060942567693157,0.0,0.0,0.0,0.0,0.0075817470232535655,6.697656867809606e-05,5.0,1.6666666666666667,40.0,0.12998555543567314,0.3693999897222966,"{'[0.0,0.1)': 5.0, '[0.1,0.2)': 0.0, '[0.2,0.4)': 0.0, '[0.4,0.6)': 0.0, '[0.6,1.0)': 0.0}"
Candidate_07,medium_12h,12,mixed,1,mixed_seed1,0,9.327873740197878,0.0,0.0,0.0,1.0,0.0,0.0,0.0,0.0,0.0,0.0,0.0,0.0,0.0,0.0,0.0,0.0,0.12865902830930687,0.360800011549145,{}
Candidate_07,medium_12h,12,wind_gust,0,wind_gust_seed0,0,9.422130324384922,0.0,0.0,0.0,1.0,1.6870609788961357,0.008435304894480678,0.00017872406760733754,0.0,0.0,0.0,0.0,0.012727881285879927,0.00016784384192650083,5.0,1.6666666666666667,40.0,0.12998472185346246,0.33149999217130244,"{'[0.0,0.1)': 5.0, '[0.1,0.2)': 0.0, '[0.2,0.4)': 0.0, '[0.4,0.6)': 0.0, '[0.6,1.0)': 0.0}"
Candidate_07,medium_12h,12,wind_gust,1,wind_gust_seed1,0,9.55448363803617,0.0,0.0,0.0,1.0,0.0,0.0,0.0,0.0,0.0,0.0,0.0,0.0,0.0,0.0,0.0,0.0,0.12795791675065024,0.33359997905790806,{}
Candidate_08,compact_6h,6,cloud_edge,0,cloud_edge_seed0,0,9.456311658167253,0.0,0.0,0.0,1.0,0.018532827962051367,9.266413981025684e-05,1.3459828384592267e-06,0.0,0.0,0.0,0.0,9.754119980026621e-05,1.9028571316950905e-08,0.5,0.3333333333333333,8.0,0.12817583402567026,0.26279999292455614,"{'[0.0,0.1)': 0.5, '[0.1,0.2)': 0.0, '[0.2,0.4)': 0.0, '[0.4,0.6)': 0.0, '[0.6,1.0)': 0.0}"
Candidate_08,compact_6h,6,cloud_edge,1,cloud_edge_seed1,0,9.747855961967838,0.0,0.0,0.0,1.0,0.0,0.0,0.0,0.0,0.0,0.0,0.0,0.0,0.0,0.0,0.0,0.0,0.12916722173233414,0.36139998701401055,{}
Candidate_08,compact_6h,6,mixed,0,mixed_seed0,0,9.456311658167253,0.0,0.0,0.0,1.0,0.018532827962051367,9.266413981025684e-05,1.3459828384592267e-06,0.0,0.0,0.0,0.0,9.754119980026621e-05,1.9028571316950905e-08,0.5,0.3333333333333333,8.0,0.1285452775644242,0.2662999904714525,"{'[0.0,0.1)': 0.5, '[0.1,0.2)': 0.0, '[0.2,0.4)': 0.0, '[0.4,0.6)': 0.0, '[0.6,1.0)': 0.0}"
Candidate_08,compact_6h,6,mixed,1,mixed_seed1,0,9.747855961967838,0.0,0.0,0.0,1.0,0.0,0.0,0.0,0.0,0.0,0.0,0.0,0.0,0.0,0.0,0.0,0.0,0.128627777869244,0.28520001797005534,{}
Candidate_08,core_24h,24,cloud_edge,0,cloud_edge_seed0,0,9.085729598260176,0.0,0.0,0.0,1.0,1.0913211400320388,0.005456605700160194,0.00014437134524226825,0.0,0.0,0.0,0.0,0.010334532481317688,7.06002363077573e-05,9.0,1.5,36.0,0.1318940285677349,0.4642000130843371,"{'[0.0,0.1)': 9.0, '[0.1,0.2)': 0.0, '[0.2,0.4)': 0.0, '[0.4,0.6)': 0.0, '[0.6,1.0)': 0.0}"
Candidate_08,core_24h,24,cloud_edge,1,cloud_edge_seed1,0,9.564911330885439,0.0,0.0,0.0,1.0,0.3833247226096942,0.001916623613048471,4.1959123654447124e-05,0.0,0.0,0.0,0.0,0.0030303299201810407,7.139442852840426e-06,4.0,0.6666666666666666,16.0,0.12965812491327394,0.33209999673999846,"{'[0.0,0.1)': 4.0, '[0.1,0.2)': 0.0, '[0.2,0.4)': 0.0, '[0.4,0.6)': 0.0, '[0.6,1.0)': 0.0}"
Candidate_08,core_24h,24,load_step,0,load_step_seed0,0,8.954091210334271,0.0,0.0,0.0,1.0,17.408885013468467,0.08704442506734233,0.0018250490974586202,0.0,0.0,0.05626086160098998,0.0,0.1109611540364116,0.007226392547084412,31.0,5.125,123.0,0.12970104168440835,0.33080001594498754,"{'[0.0,0.1)': 31.5, '[0.1,0.2)': 0.5, '[0.2,0.4)': 0.0, '[0.4,0.6)': 0.0, '[0.6,1.0)': 0.0}"
Candidate_08,core_24h,24,load_step,1,load_step_seed1,0,9.32849361093224,0.0,0.0,0.0,1.0,17.372896817897363,0.08686448408948681,0.0017584473347776448,0.0,0.0,0.05491856414770956,0.0,0.10823943127502958,0.005333984976823878,34.0,5.416666666666667,130.0,0.12917187478807238,0.3824999730568379,"{'[0.0,0.1)': 35.0, '[0.1,0.2)': 0.0, '[0.2,0.4)': 0.0, '[0.4,0.6)': 0.0, '[0.6,1.0)': 0.0}"
Candidate_08,core_24h,24,mixed,0,mixed_seed0,0,9.094758294895314,0.0,0.0,0.0,1.0,3.4169794286015396,0.017084897143007698,0.00031045068110952266,0.0,0.0,0.0,0.0,0.021706367017526457,0.0005653018932651067,9.0,1.5833333333333333,38.0,0.130621805793554,0.3395999956410378,"{'[0.0,0.1)': 9.5, '[0.1,0.2)': 0.0, '[0.2,0.4)': 0.0, '[0.4,0.6)': 0.0, '[0.6,1.0)': 0.0}"
Candidate_08,core_24h,24,mixed,1,mixed_seed1,0,9.543129986508935,0.0,0.0,0.0,1.0,0.2743580113630767,0.0013717900568153835,2.3456159647246256e-05,0.0,0.0,0.0,0.0,0.0016952451048853345,3.054322487873014e-06,2.5,0.4166666666666667,10.0,0.12634256915286338,0.3226999833714217,"{'[0.0,0.1)': 2.5, '[0.1,0.2)': 0.0, '[0.2,0.4)': 0.0, '[0.4,0.6)': 0.0, '[0.6,1.0)': 0.0}"
Candidate_08,core_24h,24,wind_gust,0,wind_gust_seed0,0,9.346268361350157,0.0,0.0,0.0,1.0,0.6868266681709639,0.00343413334085482,5.120897278429141e-05,0.0,0.0,0.0,0.0,0.0036820425780865196,1.0969115376269383e-05,3.0,0.5,12.0,0.13215847239836068,0.38800001493655145,"{'[0.0,0.1)': 3.0, '[0.1,0.2)': 0.0, '[0.2,0.4)': 0.0, '[0.4,0.6)': 0.0, '[0.6,1.0)': 0.0}"
Candidate_08,core_24h,24,wind_gust,1,wind_gust_seed1,0,9.761570834547493,0.0,0.0,0.0,1.0,0.10148409345854002,0.0005074204672927002,7.377614697012008e-06,0.0,0.0,0.0,0.0,0.0005341268076765049,5.705828933573881e-07,0.5,0.08333333333333333,2.0,0.13384895812325542,1.0150999878533185,"{'[0.0,0.1)': 0.5, '[0.1,0.2)': 0.0, '[0.2,0.4)': 0.0, '[0.4,0.6)': 0.0, '[0.6,1.0)': 0.0}"
Candidate_08,medium_12h,12,cloud_edge,0,cloud_edge_seed0,0,8.911901135808762,0.0,0.0,0.0,1.0,1.469356686966293,0.007346783434831465,0.00014008119079523415,0.0,0.0,0.0,0.0,0.010007572895138511,5.257072399171567e-05,5.5,1.8333333333333333,44.0,0.1294831943394254,0.2930999908130616,"{'[0.0,0.1)': 5.5, '[0.1,0.2)': 0.0, '[0.2,0.4)': 0.0, '[0.4,0.6)': 0.0, '[0.6,1.0)': 0.0}"
Candidate_08,medium_12h,12,cloud_edge,1,cloud_edge_seed1,0,8.642897192155019,0.0,0.0,0.0,1.0,0.04402990215009039,0.00022014951075045194,3.198708764430168e-06,0.0,0.0,0.0,0.0,0.00023173632710574155,1.0740345060091849e-07,0.5,0.16666666666666666,4.0,0.12780402814516695,0.23360000341199338,"{'[0.0,0.1)': 0.5, '[0.1,0.2)': 0.0, '[0.2,0.4)': 0.0, '[0.4,0.6)': 0.0, '[0.6,1.0)': 0.0}"
Candidate_08,medium_12h,12,load_step,0,load_step_seed0,0,8.478723369876164,0.0,0.0,0.0,1.0,2.1577652162815593,0.010788826081407797,0.00019497082745242097,0.0,0.0,0.0013166326396600932,0.0,0.013783677295969299,0.000126529409780067,6.5,2.1666666666666665,52.0,0.12951444461780032,0.24369999300688505,"{'[0.0,0.1)': 6.5, '[0.1,0.2)': 0.0, '[0.2,0.4)': 0.0, '[0.4,0.6)': 0.0, '[0.6,1.0)': 0.0}"
Candidate_08,medium_12h,12,load_step,1,load_step_seed1,0,9.189999204192103,0.0,0.0,0.0,1.0,0.0,0.0,0.0,0.0,0.0,0.0,0.0,0.0,0.0,0.0,0.0,0.0,0.12910180468881866,0.30529999639838934,{}
Candidate_08,medium_12h,12,mixed,0,mixed_seed0,0,8.73513562287991,0.0,0.0,0.0,1.0,1.2866030281598817,0.006433015140799409,0.0001105261915396371,0.0,0.0,0.0,0.0,0.007894284047165884,7.21045680670125e-05,5.0,1.6666666666666667,40.0,0.12935041615694193,0.35200000274926424,"{'[0.0,0.1)': 5.0, '[0.1,0.2)': 0.0, '[0.2,0.4)': 0.0, '[0.4,0.6)': 0.0, '[0.6,1.0)': 0.0}"
Candidate_08,medium_12h,12,mixed,1,mixed_seed1,0,9.327873740197878,0.0,0.0,0.0,1.0,0.0,0.0,0.0,0.0,0.0,0.0,0.0,0.0,0.0,0.0,0.0,0.0,0.12884874987422437,0.3129000251647085,{}
Candidate_08,medium_12h,12,wind_gust,0,wind_gust_seed0,0,9.422130324384922,0.0,0.0,0.0,1.0,1.7557307063706993,0.008778653531853496,0.0001872580368758665,0.0,0.0,0.0,0.0,0.013327219694878961,0.00018200611069663122,5.0,1.6666666666666667,40.0,0.1290529170849671,0.23729997337795794,"{'[0.0,0.1)': 5.0, '[0.1,0.2)': 0.0, '[0.2,0.4)': 0.0, '[0.4,0.6)': 0.0, '[0.6,1.0)': 0.0}"
Candidate_08,medium_12h,12,wind_gust,1,wind_gust_seed1,0,9.55448363803617,0.0,0.0,0.0,1.0,0.0,0.0,0.0,0.0,0.0,0.0,0.0,0.0,0.0,0.0,0.0,0.0,0.1292630559166557,0.3102000046055764,{}
Candidate_09,compact_6h,6,cloud_edge,0,cloud_edge_seed0,0,9.456311658167253,0.0,0.0,0.0,1.0,0.018532827962051367,9.266413981025684e-05,1.3459828384592267e-06,0.0,0.0,0.0,0.0,9.754119980026621e-05,1.9028571316950905e-08,0.5,0.3333333333333333,8.0,0.130898889781545,0.2671999973244965,"{'[0.0,0.1)': 0.5, '[0.1,0.2)': 0.0, '[0.2,0.4)': 0.0, '[0.4,0.6)': 0.0, '[0.6,1.0)': 0.0}"
Candidate_09,compact_6h,6,cloud_edge,1,cloud_edge_seed1,0,9.747855961967838,0.0,0.0,0.0,1.0,0.0,0.0,0.0,0.0,0.0,0.0,0.0,0.0,0.0,0.0,0.0,0.0,0.13313499964877135,0.302100001135841,{}
Candidate_09,compact_6h,6,mixed,0,mixed_seed0,0,9.456311658167253,0.0,0.0,0.0,1.0,0.018532827962051367,9.266413981025684e-05,1.3459828384592267e-06,0.0,0.0,0.0,0.0,9.754119980026621e-05,1.9028571316950905e-08,0.5,0.3333333333333333,8.0,0.1278958338338675,0.2418000076431781,"{'[0.0,0.1)': 0.5, '[0.1,0.2)': 0.0, '[0.2,0.4)': 0.0, '[0.4,0.6)': 0.0, '[0.6,1.0)': 0.0}"
Candidate_09,compact_6h,6,mixed,1,mixed_seed1,0,9.747855961967838,0.0,0.0,0.0,1.0,0.0,0.0,0.0,0.0,0.0,0.0,0.0,0.0,0.0,0.0,0.0,0.0,0.1303216672062667,0.26780000189319253,{}
Candidate_09,core_24h,24,cloud_edge,0,cloud_edge_seed0,0,9.085729598260176,0.0,0.0,0.0,1.0,1.0831129675358477,0.005415564837679239,0.00014132477065382254,0.0,0.0,0.0,0.0,0.01011852794194426,6.943893781575282e-05,9.0,1.5,36.0,0.13108402757400958,0.8848000143188983,"{'[0.0,0.1)': 9.0, '[0.1,0.2)': 0.0, '[0.2,0.4)': 0.0, '[0.4,0.6)': 0.0, '[0.6,1.0)': 0.0}"
Candidate_09,core_24h,24,cloud_edge,1,cloud_edge_seed1,0,9.564911330885439,0.0,0.0,0.0,1.0,0.3833247226096942,0.001916623613048471,4.1959123654447124e-05,0.0,0.0,0.0,0.0,0.0030303299201810407,7.139442852840426e-06,4.0,0.6666666666666666,16.0,0.1299143057824242,0.29639998683705926,"{'[0.0,0.1)': 4.0, '[0.1,0.2)': 0.0, '[0.2,0.4)': 0.0, '[0.4,0.6)': 0.0, '[0.6,1.0)': 0.0}"
Candidate_09,core_24h,24,load_step,0,load_step_seed0,0,8.956700650636684,0.0,0.0,0.0,1.0,17.46312357052173,0.08731561785260865,0.0018639403972366584,0.0,0.0,0.05626086160098998,0.0,0.11299843943786753,0.007238712141433746,31.5,5.208333333333333,125.0,0.13693187492107325,0.4693999944720417,"{'[0.0,0.1)': 32.0, '[0.1,0.2)': 0.5, '[0.2,0.4)': 0.0, '[0.4,0.6)': 0.0, '[0.6,1.0)': 0.0}"
Candidate_09,core_24h,24,load_step,1,load_step_seed1,0,9.32849361093224,0.0,0.0,0.0,1.0,17.31911756655539,0.08659558783277696,0.0017571671085660511,0.0,0.0,0.05491856414770956,0.0,0.10813781619309962,0.005348375043696186,34.0,5.416666666666667,130.0,0.1327665281173217,0.37910000537522137,"{'[0.0,0.1)': 35.0, '[0.1,0.2)': 0.0, '[0.2,0.4)': 0.0, '[0.4,0.6)': 0.0, '[0.6,1.0)': 0.0}"
Candidate_09,core_24h,24,mixed,0,mixed_seed0,0,9.094758294895314,0.0,0.0,0.0,1.0,3.409158439257819,0.017045792196289097,0.00030868291089295634,0.0,0.0,0.0,0.0,0.021582877712099297,0.0005624251929119328,9.0,1.5833333333333333,38.0,0.13054715311429593,0.40499999886378646,"{'[0.0,0.1)': 9.5, '[0.1,0.2)': 0.0, '[0.2,0.4)': 0.0, '[0.4,0.6)': 0.0, '[0.6,1.0)': 0.0}"
Candidate_09,core_24h,24,mixed,1,mixed_seed1,0,9.543129986508935,0.0,0.0,0.0,1.0,0.2663778837949966,0.0013318894189749831,2.2872404280084487e-05,0.0,0.0,0.0,0.0,0.0016532444334743934,2.854285118152063e-06,2.5,0.4166666666666667,10.0,0.13091451376870586,0.3063000040128827,"{'[0.0,0.1)': 2.5, '[0.1,0.2)': 0.0, '[0.2,0.4)': 0.0, '[0.4,0.6)': 0.0, '[0.6,1.0)': 0.0}"
Candidate_09,core_24h,24,wind_gust,0,wind_gust_seed0,0,9.346268361350157,0.0,0.0,0.0,1.0,0.6868266681709639,0.00343413334085482,5.120897278429141e-05,0.0,0.0,0.0,0.0,0.0036820425780865196,1.0969115376269383e-05,3.0,0.5,12.0,0.1319335415852644,0.3020000003743917,"{'[0.0,0.1)': 3.0, '[0.1,0.2)': 0.0, '[0.2,0.4)': 0.0, '[0.4,0.6)': 0.0, '[0.6,1.0)': 0.0}"
Candidate_09,core_24h,24,wind_gust,1,wind_gust_seed1,0,9.761570834547493,0.0,0.0,0.0,1.0,0.10148409345854002,0.0005074204672927002,7.377614697012008e-06,0.0,0.0,0.0,0.0,0.0005341268076765049,5.705828933573881e-07,0.5,0.08333333333333333,2.0,0.1335934722091123,0.3772999916691333,"{'[0.0,0.1)': 0.5, '[0.1,0.2)': 0.0, '[0.2,0.4)': 0.0, '[0.4,0.6)': 0.0, '[0.6,1.0)': 0.0}"
Candidate_09,medium_12h,12,cloud_edge,0,cloud_edge_seed0,0,8.911901135808762,0.0,0.0,0.0,1.0,1.469356686966293,0.007346783434831465,0.00014008119079523415,0.0,0.0,0.0,0.0,0.010007572895138511,5.257072399171567e-05,5.5,1.8333333333333333,44.0,0.13155249972543162,0.5896999791730195,"{'[0.0,0.1)': 5.5, '[0.1,0.2)': 0.0, '[0.2,0.4)': 0.0, '[0.4,0.6)': 0.0, '[0.6,1.0)': 0.0}"
Candidate_09,medium_12h,12,cloud_edge,1,cloud_edge_seed1,0,8.642897192155019,0.0,0.0,0.0,1.0,0.04402990215009039,0.00022014951075045194,3.198708764430168e-06,0.0,0.0,0.0,0.0,0.00023173632710574155,1.0740345060091849e-07,0.5,0.16666666666666666,4.0,0.12810180503745666,0.30350001179613173,"{'[0.0,0.1)': 0.5, '[0.1,0.2)': 0.0, '[0.2,0.4)': 0.0, '[0.4,0.6)': 0.0, '[0.6,1.0)': 0.0}"
Candidate_09,medium_12h,12,load_step,0,load_step_seed0,0,8.478723369876164,0.0,0.0,0.0,1.0,2.1577652162815593,0.010788826081407797,0.00019497082745242097,0.0,0.0,0.0013166326396600932,0.0,0.013783677295969299,0.000126529409780067,6.5,2.1666666666666665,52.0,0.1310966664782932,0.36559998989105225,"{'[0.0,0.1)': 6.5, '[0.1,0.2)': 0.0, '[0.2,0.4)': 0.0, '[0.4,0.6)': 0.0, '[0.6,1.0)': 0.0}"
Candidate_09,medium_12h,12,load_step,1,load_step_seed1,0,9.189999204192103,0.0,0.0,0.0,1.0,0.0,0.0,0.0,0.0,0.0,0.0,0.0,0.0,0.0,0.0,0.0,0.0,0.12885388827675748,0.34389999927952886,{}
Candidate_09,medium_12h,12,mixed,0,mixed_seed0,0,8.73513562287991,0.0,0.0,0.0,1.0,1.2866030281598817,0.006433015140799409,0.0001105261915396371,0.0,0.0,0.0,0.0,0.007894284047165884,7.21045680670125e-05,5.0,1.6666666666666667,40.0,0.14078069491208428,2.233100007288158,"{'[0.0,0.1)': 5.0, '[0.1,0.2)': 0.0, '[0.2,0.4)': 0.0, '[0.4,0.6)': 0.0, '[0.6,1.0)': 0.0}"
Candidate_09,medium_12h,12,mixed,1,mixed_seed1,0,9.327873740197878,0.0,0.0,0.0,1.0,0.0,0.0,0.0,0.0,0.0,0.0,0.0,0.0,0.0,0.0,0.0,0.0,0.13341416726891314,0.3902000025846064,{}
Candidate_09,medium_12h,12,wind_gust,0,wind_gust_seed0,0,9.422130324384922,0.0,0.0,0.0,1.0,1.7428324702618379,0.00871416235130919,0.00018692589840079945,0.0,0.0,0.0,0.0,0.013301305579929229,0.00017941903326742755,5.0,1.6666666666666667,40.0,0.12980138918566,0.29520000680349767,"{'[0.0,0.1)': 5.0, '[0.1,0.2)': 0.0, '[0.2,0.4)': 0.0, '[0.4,0.6)': 0.0, '[0.6,1.0)': 0.0}"
Candidate_09,medium_12h,12,wind_gust,1,wind_gust_seed1,0,9.55448363803617,0.0,0.0,0.0,1.0,0.0,0.0,0.0,0.0,0.0,0.0,0.0,0.0,0.0,0.0,0.0,0.0,0.1314441662139466,0.33239999902434647,{}
Candidate_10,compact_6h,6,cloud_edge,0,cloud_edge_seed0,0,9.456311658167253,0.0,0.0,0.0,1.0,0.018532827962051367,9.266413981025684e-05,1.3459828384592267e-06,0.0,0.0,0.0,0.0,9.754119980026621e-05,1.9028571316950905e-08,0.5,0.3333333333333333,8.0,0.1331374995869636,0.3521000035107136,"{'[0.0,0.1)': 0.5, '[0.1,0.2)': 0.0, '[0.2,0.4)': 0.0, '[0.4,0.6)': 0.0, '[0.6,1.0)': 0.0}"
Candidate_10,compact_6h,6,cloud_edge,1,cloud_edge_seed1,0,9.747855961967838,0.0,0.0,0.0,1.0,0.0,0.0,0.0,0.0,0.0,0.0,0.0,0.0,0.0,0.0,0.0,0.0,0.13194944460539976,0.3279999946244061,{}
Candidate_10,compact_6h,6,mixed,0,mixed_seed0,0,9.456311658167253,0.0,0.0,0.0,1.0,0.018532827962051367,9.266413981025684e-05,1.3459828384592267e-06,0.0,0.0,0.0,0.0,9.754119980026621e-05,1.9028571316950905e-08,0.5,0.3333333333333333,8.0,0.13332444408054775,0.38869999116286635,"{'[0.0,0.1)': 0.5, '[0.1,0.2)': 0.0, '[0.2,0.4)': 0.0, '[0.4,0.6)': 0.0, '[0.6,1.0)': 0.0}"
Candidate_10,compact_6h,6,mixed,1,mixed_seed1,0,9.747855961967838,0.0,0.0,0.0,1.0,0.0,0.0,0.0,0.0,0.0,0.0,0.0,0.0,0.0,0.0,0.0,0.0,0.1332402757220229,0.36109998472966254,{}
Candidate_10,core_24h,24,cloud_edge,0,cloud_edge_seed0,0,9.085729598260176,0.0,0.0,0.0,1.0,1.0831129675358477,0.005415564837679239,0.00014132477065382254,0.0,0.0,0.0,0.0,0.01011852794194426,6.943893781575282e-05,9.0,1.5,36.0,0.13000534733388727,0.5889000021852553,"{'[0.0,0.1)': 9.0, '[0.1,0.2)': 0.0, '[0.2,0.4)': 0.0, '[0.4,0.6)': 0.0, '[0.6,1.0)': 0.0}"
Candidate_10,core_24h,24,cloud_edge,1,cloud_edge_seed1,0,9.564911330885439,0.0,0.0,0.0,1.0,0.3833247226096942,0.001916623613048471,4.1959123654447124e-05,0.0,0.0,0.0,0.0,0.0030303299201810407,7.139442852840426e-06,4.0,0.6666666666666666,16.0,0.1305474996519883,0.37289998726919293,"{'[0.0,0.1)': 4.0, '[0.1,0.2)': 0.0, '[0.2,0.4)': 0.0, '[0.4,0.6)': 0.0, '[0.6,1.0)': 0.0}"
Candidate_10,core_24h,24,load_step,0,load_step_seed0,0,9.030263352532844,0.1388888888888889,0.0,0.1388888888888889,1.0,19.297657186575776,0.09648828593287888,0.00202668654742648,0.0,0.0,0.05626086160098998,0.0,0.12196720412959461,0.007296953932925183,35.5,5.833333333333333,140.0,0.13526916659935118,0.357400014763698,"{'[0.0,0.1)': 36.0, '[0.1,0.2)': 0.5, '[0.2,0.4)': 0.0, '[0.4,0.6)': 0.0, '[0.6,1.0)': 0.0}"
Candidate_10,core_24h,24,load_step,1,load_step_seed1,0,9.433525610845496,0.0,0.0,0.0,1.0,18.864635753340774,0.09432317876670387,0.001909264189223007,0.0,0.0,0.05491856414770956,0.0,0.11669255560010638,0.00521954911542992,39.0,6.041666666666667,145.0,0.13030743054211294,0.2381000085733831,"{'[0.0,0.1)': 40.0, '[0.1,0.2)': 0.0, '[0.2,0.4)': 0.0, '[0.4,0.6)': 0.0, '[0.6,1.0)': 0.0}"
Candidate_10,core_24h,24,mixed,0,mixed_seed0,0,9.094758294895314,0.0,0.0,0.0,1.0,3.409158439257819,0.017045792196289097,0.00030868291089295634,0.0,0.0,0.0,0.0,0.021582877712099297,0.0005624251929119328,9.0,1.5833333333333333,38.0,0.12874791765271867,0.2924999862443656,"{'[0.0,0.1)': 9.5, '[0.1,0.2)': 0.0, '[0.2,0.4)': 0.0, '[0.4,0.6)': 0.0, '[0.6,1.0)': 0.0}"
Candidate_10,core_24h,24,mixed,1,mixed_seed1,0,9.543129986508935,0.0,0.0,0.0,1.0,0.2663778837949966,0.0013318894189749831,2.2872404280084487e-05,0.0,0.0,0.0,0.0,0.0016532444334743934,2.854285118152063e-06,2.5,0.4166666666666667,10.0,0.12760083275982956,0.3158999898005277,"{'[0.0,0.1)': 2.5, '[0.1,0.2)': 0.0, '[0.2,0.4)': 0.0, '[0.4,0.6)': 0.0, '[0.6,1.0)': 0.0}"
Candidate_10,core_24h,24,wind_gust,0,wind_gust_seed0,0,9.346268361350157,0.0,0.0,0.0,1.0,0.6868266681709639,0.00343413334085482,5.120897278429141e-05,0.0,0.0,0.0,0.0,0.0036820425780865196,1.0969115376269383e-05,3.0,0.5,12.0,0.13102020849247412,0.846699986141175,"{'[0.0,0.1)': 3.0, '[0.1,0.2)': 0.0, '[0.2,0.4)': 0.0, '[0.4,0.6)': 0.0, '[0.6,1.0)': 0.0}"
Candidate_10,core_24h,24,wind_gust,1,wind_gust_seed1,0,9.761570834547493,0.0,0.0,0.0,1.0,0.10148409345854002,0.0005074204672927002,7.377614697012008e-06,0.0,0.0,0.0,0.0,0.0005341268076765049,5.705828933573881e-07,0.5,0.08333333333333333,2.0,0.1309572920136917,0.3582000208552927,"{'[0.0,0.1)': 0.5, '[0.1,0.2)': 0.0, '[0.2,0.4)': 0.0, '[0.4,0.6)': 0.0, '[0.6,1.0)': 0.0}"
Candidate_10,medium_12h,12,cloud_edge,0,cloud_edge_seed0,0,8.911901135808762,0.0,0.0,0.0,1.0,1.469356686966293,0.007346783434831465,0.00014008119079523415,0.0,0.0,0.0,0.0,0.010007572895138511,5.257072399171567e-05,5.5,1.8333333333333333,44.0,0.12976499908998246,0.27069999487139285,"{'[0.0,0.1)': 5.5, '[0.1,0.2)': 0.0, '[0.2,0.4)': 0.0, '[0.4,0.6)': 0.0, '[0.6,1.0)': 0.0}"
Candidate_10,medium_12h,12,cloud_edge,1,cloud_edge_seed1,0,8.642897192155019,0.0,0.0,0.0,1.0,0.04402990215009039,0.00022014951075045194,3.198708764430168e-06,0.0,0.0,0.0,0.0,0.00023173632710574155,1.0740345060091849e-07,0.5,0.16666666666666666,4.0,0.12939611103017037,0.29150000773370266,"{'[0.0,0.1)': 0.5, '[0.1,0.2)': 0.0, '[0.2,0.4)': 0.0, '[0.4,0.6)': 0.0, '[0.6,1.0)': 0.0}"
Candidate_10,medium_12h,12,load_step,0,load_step_seed0,0,8.478723369876164,0.0,0.0,0.0,1.0,2.1577652162815593,0.010788826081407797,0.00019497082745242097,0.0,0.0,0.0013166326396600932,0.0,0.013783677295969299,0.000126529409780067,6.5,2.1666666666666665,52.0,0.12844083349692584,0.3767999878618866,"{'[0.0,0.1)': 6.5, '[0.1,0.2)': 0.0, '[0.2,0.4)': 0.0, '[0.4,0.6)': 0.0, '[0.6,1.0)': 0.0}"
Candidate_10,medium_12h,12,load_step,1,load_step_seed1,0,9.189999204192103,0.0,0.0,0.0,1.0,0.0,0.0,0.0,0.0,0.0,0.0,0.0,0.0,0.0,0.0,0.0,0.0,0.12864847121818457,0.3147000097669661,{}
Candidate_10,medium_12h,12,mixed,0,mixed_seed0,0,8.73513562287991,0.0,0.0,0.0,1.0,1.2866030281598817,0.006433015140799409,0.0001105261915396371,0.0,0.0,0.0,0.0,0.007894284047165884,7.21045680670125e-05,5.0,1.6666666666666667,40.0,0.1327586111276307,0.35879999632015824,"{'[0.0,0.1)': 5.0, '[0.1,0.2)': 0.0, '[0.2,0.4)': 0.0, '[0.4,0.6)': 0.0, '[0.6,1.0)': 0.0}"
Candidate_10,medium_12h,12,mixed,1,mixed_seed1,0,9.327873740197878,0.0,0.0,0.0,1.0,0.0,0.0,0.0,0.0,0.0,0.0,0.0,0.0,0.0,0.0,0.0,0.0,0.13225708304768583,0.4768999933730811,{}
Candidate_10,medium_12h,12,wind_gust,0,wind_gust_seed0,0,9.422130324384922,0.0,0.0,0.0,1.0,1.7428324702618379,0.00871416235130919,0.00018692589840079945,0.0,0.0,0.0,0.0,0.013301305579929229,0.00017941903326742755,5.0,1.6666666666666667,40.0,0.12990458283942038,0.32479999936185777,"{'[0.0,0.1)': 5.0, '[0.1,0.2)': 0.0, '[0.2,0.4)': 0.0, '[0.4,0.6)': 0.0, '[0.6,1.0)': 0.0}"
Candidate_10,medium_12h,12,wind_gust,1,wind_gust_seed1,0,9.55448363803617,0.0,0.0,0.0,1.0,0.0,0.0,0.0,0.0,0.0,0.0,0.0,0.0,0.0,0.0,0.0,0.0,0.12813208284367444,0.3093999985139817,{}
Candidate_11,compact_6h,6,cloud_edge,0,cloud_edge_seed0,0,9.456311658167253,0.0,0.0,0.0,1.0,0.02145169537216136,0.0001072584768608068,1.558024327707032e-06,0.0,0.0,0.0,0.0,0.00011290365985347495,2.549447281661834e-08,0.5,0.3333333333333333,8.0,0.13117472238567038,0.2804999821819365,"{'[0.0,0.1)': 0.5, '[0.1,0.2)': 0.0, '[0.2,0.4)': 0.0, '[0.4,0.6)': 0.0, '[0.6,1.0)': 0.0}"
Candidate_11,compact_6h,6,cloud_edge,1,cloud_edge_seed1,0,9.747855961967838,0.0,0.0,0.0,1.0,0.0,0.0,0.0,0.0,0.0,0.0,0.0,0.0,0.0,0.0,0.0,0.0,0.13351027785878009,0.9357999952044338,{}
Candidate_11,compact_6h,6,mixed,0,mixed_seed0,0,9.456311658167253,0.0,0.0,0.0,1.0,0.02145169537216136,0.0001072584768608068,1.558024327707032e-06,0.0,0.0,0.0,0.0,0.00011290365985347495,2.549447281661834e-08,0.5,0.3333333333333333,8.0,0.13064111125357966,0.28909998945891857,"{'[0.0,0.1)': 0.5, '[0.1,0.2)': 0.0, '[0.2,0.4)': 0.0, '[0.4,0.6)': 0.0, '[0.6,1.0)': 0.0}"
Candidate_11,compact_6h,6,mixed,1,mixed_seed1,0,9.747855961967838,0.0,0.0,0.0,1.0,0.0,0.0,0.0,0.0,0.0,0.0,0.0,0.0,0.0,0.0,0.0,0.0,0.13142583298354615,0.32300001475960016,{}
Candidate_11,core_24h,24,cloud_edge,0,cloud_edge_seed0,0,9.085729598260176,0.0,0.0,0.0,1.0,1.1989054423612389,0.0059945272118061945,0.00016006402090952692,0.0,0.0,0.0,0.0,0.01144281918416809,8.52445022396942e-05,9.0,1.5,36.0,0.13080958356618388,0.4230999911669642,"{'[0.0,0.1)': 9.0, '[0.1,0.2)': 0.0, '[0.2,0.4)': 0.0, '[0.4,0.6)': 0.0, '[0.6,1.0)': 0.0}"
Candidate_11,core_24h,24,cloud_edge,1,cloud_edge_seed1,0,9.564911330885439,0.0,0.0,0.0,1.0,0.4418403901585117,0.0022092019507925584,5.029247754768987e-05,0.0,0.0,0.0,0.0,0.0036301363166809097,9.194042334342629e-06,4.0,0.6666666666666666,16.0,0.12986687533056182,0.8582000155001879,"{'[0.0,0.1)': 4.0, '[0.1,0.2)': 0.0, '[0.2,0.4)': 0.0, '[0.4,0.6)': 0.0, '[0.6,1.0)': 0.0}"
Candidate_11,core_24h,24,load_step,0,load_step_seed0,0,9.097599035636208,0.1388888888888889,0.0,0.1388888888888889,1.0,20.421263591823465,0.10210631795911733,0.0018945084647584642,0.0,0.0,0.060957362969745944,0.0,0.11524472721038351,0.009773827160511247,37.0,5.875,141.0,0.1357911804411237,0.3877999843098223,"{'[0.0,0.1)': 37.0, '[0.1,0.2)': 0.5, '[0.2,0.4)': 0.0, '[0.4,0.6)': 0.0, '[0.6,1.0)': 0.0}"
Candidate_11,core_24h,24,load_step,1,load_step_seed1,0,9.505528504959077,0.06944444444444445,0.0,0.06944444444444445,1.0,19.892076764191586,0.09946038382095793,0.002104452392379738,0.0,0.0,0.05588180557562849,0.0,0.12742541453729456,0.0055877108054451854,37.5,5.833333333333333,140.0,0.13485048625120222,0.6176000169944018,"{'[0.0,0.1)': 38.5, '[0.1,0.2)': 0.0, '[0.2,0.4)': 0.0, '[0.4,0.6)': 0.0, '[0.6,1.0)': 0.0}"
Candidate_11,core_24h,24,mixed,0,mixed_seed0,0,9.094758294895314,0.0,0.0,0.0,1.0,3.633678676457539,0.018168393382287696,0.00033769546635383863,0.0,0.0,0.0,0.0,0.0235626675690796,0.0006323137855216493,9.0,1.5833333333333333,38.0,0.13218430588797977,0.8205000194720924,"{'[0.0,0.1)': 9.5, '[0.1,0.2)': 0.0, '[0.2,0.4)': 0.0, '[0.4,0.6)': 0.0, '[0.6,1.0)': 0.0}"
Candidate_11,core_24h,24,mixed,1,mixed_seed1,0,9.543129986508935,0.0,0.0,0.0,1.0,0.3165356364005191,0.0015826781820025956,2.7154792250413267e-05,0.0,0.0,0.0,0.0,0.0019616039292620624,3.877957181111873e-06,2.5,0.4166666666666667,10.0,0.13079506938488017,0.35069999285042286,"{'[0.0,0.1)': 2.5, '[0.1,0.2)': 0.0, '[0.2,0.4)': 0.0, '[0.4,0.6)': 0.0, '[0.6,1.0)': 0.0}"
Candidate_11,core_24h,24,wind_gust,0,wind_gust_seed0,0,9.346268361350157,0.0,0.0,0.0,1.0,0.7507786757482412,0.003753893378741206,5.665519680457136e-05,0.0,0.0,0.0,0.0,0.004070472095985711,1.2857390025663102e-05,3.0,0.5,12.0,0.1302818750142857,0.36440000985749066,"{'[0.0,0.1)': 3.0, '[0.1,0.2)': 0.0, '[0.2,0.4)': 0.0, '[0.4,0.6)': 0.0, '[0.6,1.0)': 0.0}"
Candidate_11,core_24h,24,wind_gust,1,wind_gust_seed1,0,9.761570834547493,0.0,0.0,0.0,1.0,0.11380894838243678,0.0005690447419121839,8.274787099307696e-06,0.0,0.0,0.0,0.0,0.0005989944651707546,7.175887386103968e-07,0.5,0.08333333333333333,2.0,0.13032138910299787,0.4282000008970499,"{'[0.0,0.1)': 0.5, '[0.1,0.2)': 0.0, '[0.2,0.4)': 0.0, '[0.4,0.6)': 0.0, '[0.6,1.0)': 0.0}"
Candidate_11,medium_12h,12,cloud_edge,0,cloud_edge_seed0,0,8.911901135808762,0.0,0.0,0.0,1.0,1.600148783642048,0.00800074391821024,0.00015407125676387262,0.0,0.0,0.0,0.0,0.010992429354893501,6.217636221947167e-05,5.5,1.8333333333333333,44.0,0.12990763894372825,0.25240000104531646,"{'[0.0,0.1)': 5.5, '[0.1,0.2)': 0.0, '[0.2,0.4)': 0.0, '[0.4,0.6)': 0.0, '[0.6,1.0)': 0.0}"
Candidate_11,medium_12h,12,cloud_edge,1,cloud_edge_seed1,0,8.642897192155019,0.0,0.0,0.0,1.0,0.05211927025705251,0.0002605963512852625,3.7867469226682678e-06,0.0,0.0,0.0,0.0,0.00027431194872132303,1.504940904225795e-07,0.5,0.16666666666666666,4.0,0.1311016664355217,0.32259998260997236,"{'[0.0,0.1)': 0.5, '[0.1,0.2)': 0.0, '[0.2,0.4)': 0.0, '[0.4,0.6)': 0.0, '[0.6,1.0)': 0.0}"
Candidate_11,medium_12h,12,load_step,0,load_step_seed0,0,8.478723369876164,0.0,0.0,0.0,1.0,2.324575124247674,0.011622875621238371,0.00021324167724458422,0.0,0.0,0.0013588430744053163,0.0,0.015045460184267334,0.00014768276004025472,6.5,2.1666666666666665,52.0,0.13107611141296932,0.3141000051982701,"{'[0.0,0.1)': 6.5, '[0.1,0.2)': 0.0, '[0.2,0.4)': 0.0, '[0.4,0.6)': 0.0, '[0.6,1.0)': 0.0}"
Candidate_11,medium_12h,12,load_step,1,load_step_seed1,0,9.189999204192103,0.0,0.0,0.0,1.0,0.0,0.0,0.0,0.0,0.0,0.0,0.0,0.0,0.0,0.0,0.0,0.0,0.13025902747661652,0.34070000401698053,{}
Candidate_11,medium_12h,12,mixed,0,mixed_seed0,0,8.73513562287991,0.0,0.0,0.0,1.0,1.3867421545319332,0.0069337107726596655,0.00011940447878655201,0.0,0.0,0.0,0.0,0.008519358094990659,8.293633152227236e-05,5.0,1.6666666666666667,40.0,0.1313072220202432,0.34100000630132854,"{'[0.0,0.1)': 5.0, '[0.1,0.2)': 0.0, '[0.2,0.4)': 0.0, '[0.4,0.6)': 0.0, '[0.6,1.0)': 0.0}"
Candidate_11,medium_12h,12,mixed,1,mixed_seed1,0,9.327873740197878,0.0,0.0,0.0,1.0,0.0,0.0,0.0,0.0,0.0,0.0,0.0,0.0,0.0,0.0,0.0,0.0,0.13100569522066507,0.3209999995306134,{}
Candidate_11,medium_12h,12,wind_gust,0,wind_gust_seed0,0,9.422130324384922,0.0,0.0,0.0,1.0,1.8882423065686185,0.009441211532843092,0.00020641838026277191,0.0,0.0,0.0,0.0,0.014669885163351937,0.00021156004636365124,5.0,1.6666666666666667,40.0,0.13412902695159168,0.8472000190522522,"{'[0.0,0.1)': 5.0, '[0.1,0.2)': 0.0, '[0.2,0.4)': 0.0, '[0.4,0.6)': 0.0, '[0.6,1.0)': 0.0}"
Candidate_11,medium_12h,12,wind_gust,1,wind_gust_seed1,0,9.55448363803617,0.0,0.0,0.0,1.0,0.0,0.0,0.0,0.0,0.0,0.0,0.0,0.0,0.0,0.0,0.0,0.0,0.13179736116500054,0.36109998472966254,{}
Candidate_12,compact_6h,6,cloud_edge,0,cloud_edge_seed0,0,9.456311658167253,0.0,0.0,0.0,1.0,0.02145169537216136,0.0001072584768608068,1.558024327707032e-06,0.0,0.0,0.0,0.0,0.00011290365985347495,2.549447281661834e-08,0.5,0.3333333333333333,8.0,0.1316713884686275,0.3173000004608184,"{'[0.0,0.1)': 0.5, '[0.1,0.2)': 0.0, '[0.2,0.4)': 0.0, '[0.4,0.6)': 0.0, '[0.6,1.0)': 0.0}"
Candidate_12,compact_6h,6,cloud_edge,1,cloud_edge_seed1,0,9.747855961967838,0.0,0.0,0.0,1.0,0.0,0.0,0.0,0.0,0.0,0.0,0.0,0.0,0.0,0.0,0.0,0.0,0.1318000004782031,0.3169999981764704,{}
Candidate_12,compact_6h,6,mixed,0,mixed_seed0,0,9.456311658167253,0.0,0.0,0.0,1.0,0.02145169537216136,0.0001072584768608068,1.558024327707032e-06,0.0,0.0,0.0,0.0,0.00011290365985347495,2.549447281661834e-08,0.5,0.3333333333333333,8.0,0.1276011113077402,0.26080000679939985,"{'[0.0,0.1)': 0.5, '[0.1,0.2)': 0.0, '[0.2,0.4)': 0.0, '[0.4,0.6)': 0.0, '[0.6,1.0)': 0.0}"
Candidate_12,compact_6h,6,mixed,1,mixed_seed1,0,9.747855961967838,0.0,0.0,0.0,1.0,0.0,0.0,0.0,0.0,0.0,0.0,0.0,0.0,0.0,0.0,0.0,0.0,0.13131388809092137,0.29730002279393375,{}
Candidate_12,core_24h,24,cloud_edge,0,cloud_edge_seed0,0,9.085729598260176,0.0,0.0,0.0,1.0,1.1989054423612389,0.0059945272118061945,0.00016006402090952692,0.0,0.0,0.0,0.0,0.01144281918416809,8.52445022396942e-05,9.0,1.5,36.0,0.12870187521103718,0.2835000050254166,"{'[0.0,0.1)': 9.0, '[0.1,0.2)': 0.0, '[0.2,0.4)': 0.0, '[0.4,0.6)': 0.0, '[0.6,1.0)': 0.0}"
Candidate_12,core_24h,24,cloud_edge,1,cloud_edge_seed1,0,9.564911330885439,0.0,0.0,0.0,1.0,0.4418403901585117,0.0022092019507925584,5.029247754768987e-05,0.0,0.0,0.0,0.0,0.0036301363166809097,9.194042334342629e-06,4.0,0.6666666666666666,16.0,0.1279175697466902,0.29090000316500664,"{'[0.0,0.1)': 4.0, '[0.1,0.2)': 0.0, '[0.2,0.4)': 0.0, '[0.4,0.6)': 0.0, '[0.6,1.0)': 0.0}"
Candidate_12,core_24h,24,load_step,0,load_step_seed0,0,9.102105849858512,0.1388888888888889,0.0,0.1388888888888889,1.0,22.209393884267644,0.11104696942133822,0.0016527770755721803,0.0,0.0,0.060957362969745944,0.0,0.1022690947244913,0.006704181319710481,40.5,6.291666666666667,151.0,0.1332013194769388,0.3277999931015074,"{'[0.0,0.1)': 40.5, '[0.1,0.2)': 0.5, '[0.2,0.4)': 0.0, '[0.4,0.6)': 0.0, '[0.6,1.0)': 0.0}"
Candidate_12,core_24h,24,load_step,1,load_step_seed1,0,9.505528504959077,0.0,0.0,0.0,1.0,21.934649634530054,0.10967324817265027,0.0021642583538714183,0.0,0.0,0.05588180557562849,0.0,0.13405663969663503,0.007247048835598621,38.5,5.791666666666667,139.0,0.13360534742080038,0.3586999955587089,"{'[0.0,0.1)': 39.5, '[0.1,0.2)': 0.5, '[0.2,0.4)': 0.0, '[0.4,0.6)': 0.0, '[0.6,1.0)': 0.0}"
Candidate_12,core_24h,24,mixed,0,mixed_seed0,0,9.094758294895314,0.0,0.0,0.0,1.0,3.633678676457539,0.018168393382287696,0.00033769546635383863,0.0,0.0,0.0,0.0,0.0235626675690796,0.0006323137855216493,9.0,1.5833333333333333,38.0,0.1285044442637526,0.3127999952994287,"{'[0.0,0.1)': 9.5, '[0.1,0.2)': 0.0, '[0.2,0.4)': 0.0, '[0.4,0.6)': 0.0, '[0.6,1.0)': 0.0}"
Candidate_12,core_24h,24,mixed,1,mixed_seed1,0,9.543129986508935,0.0,0.0,0.0,1.0,0.3165356364005191,0.0015826781820025956,2.7154792250413267e-05,0.0,0.0,0.0,0.0,0.0019616039292620624,3.877957181111873e-06,2.5,0.4166666666666667,10.0,0.12836437516751983,0.31939998734742403,"{'[0.0,0.1)': 2.5, '[0.1,0.2)': 0.0, '[0.2,0.4)': 0.0, '[0.4,0.6)': 0.0, '[0.6,1.0)': 0.0}"
Candidate_12,core_24h,24,wind_gust,0,wind_gust_seed0,0,9.346268361350157,0.0,0.0,0.0,1.0,0.7507786757482412,0.003753893378741206,5.665519680457136e-05,0.0,0.0,0.0,0.0,0.004070472095985711,1.2857390025663102e-05,3.0,0.5,12.0,0.1284546529253324,0.32550000469200313,"{'[0.0,0.1)': 3.0, '[0.1,0.2)': 0.0, '[0.2,0.4)': 0.0, '[0.4,0.6)': 0.0, '[0.6,1.0)': 0.0}"
Candidate_12,core_24h,24,wind_gust,1,wind_gust_seed1,0,9.761570834547493,0.0,0.0,0.0,1.0,0.11380894838243678,0.0005690447419121839,8.274787099307696e-06,0.0,0.0,0.0,0.0,0.0005989944651707546,7.175887386103968e-07,0.5,0.08333333333333333,2.0,0.13104062438489766,0.877000013133511,"{'[0.0,0.1)': 0.5, '[0.1,0.2)': 0.0, '[0.2,0.4)': 0.0, '[0.4,0.6)': 0.0, '[0.6,1.0)': 0.0}"
Candidate_12,medium_12h,12,cloud_edge,0,cloud_edge_seed0,0,8.911901135808762,0.0,0.0,0.0,1.0,1.600148783642048,0.00800074391821024,0.00015407125676387262,0.0,0.0,0.0,0.0,0.010992429354893501,6.217636221947167e-05,5.5,1.8333333333333333,44.0,0.13112694464830887,0.2799999783746898,"{'[0.0,0.1)': 5.5, '[0.1,0.2)': 0.0, '[0.2,0.4)': 0.0, '[0.4,0.6)': 0.0, '[0.6,1.0)': 0.0}"
Candidate_12,medium_12h,12,cloud_edge,1,cloud_edge_seed1,0,8.642897192155019,0.0,0.0,0.0,1.0,0.05211927025705251,0.0002605963512852625,3.7867469226682678e-06,0.0,0.0,0.0,0.0,0.00027431194872132303,1.504940904225795e-07,0.5,0.16666666666666666,4.0,0.1318654165515909,0.8953000069595873,"{'[0.0,0.1)': 0.5, '[0.1,0.2)': 0.0, '[0.2,0.4)': 0.0, '[0.4,0.6)': 0.0, '[0.6,1.0)': 0.0}"
Candidate_12,medium_12h,12,load_step,0,load_step_seed0,0,8.478723369876164,0.0,0.0,0.0,1.0,2.324575124247674,0.011622875621238371,0.00021324167724458422,0.0,0.0,0.0013588430744053163,0.0,0.015045460184267334,0.00014768276004025472,6.5,2.1666666666666665,52.0,0.13046777829812425,0.36739997449330986,"{'[0.0,0.1)': 6.5, '[0.1,0.2)': 0.0, '[0.2,0.4)': 0.0, '[0.4,0.6)': 0.0, '[0.6,1.0)': 0.0}"
Candidate_12,medium_12h,12,load_step,1,load_step_seed1,0,9.189999204192103,0.0,0.0,0.0,1.0,0.0,0.0,0.0,0.0,0.0,0.0,0.0,0.0,0.0,0.0,0.0,0.0,0.12838180555263534,0.27619997854344547,{}
Candidate_12,medium_12h,12,mixed,0,mixed_seed0,0,8.73513562287991,0.0,0.0,0.0,1.0,1.3867421545319332,0.0069337107726596655,0.00011940447878655201,0.0,0.0,0.0,0.0,0.008519358094990659,8.293633152227236e-05,5.0,1.6666666666666667,40.0,0.13144986102512726,0.31200001831166446,"{'[0.0,0.1)': 5.0, '[0.1,0.2)': 0.0, '[0.2,0.4)': 0.0, '[0.4,0.6)': 0.0, '[0.6,1.0)': 0.0}"
Candidate_12,medium_12h,12,mixed,1,mixed_seed1,0,9.327873740197878,0.0,0.0,0.0,1.0,0.0,0.0,0.0,0.0,0.0,0.0,0.0,0.0,0.0,0.0,0.0,0.0,0.13054749983388725,0.2921000123023987,{}
Candidate_12,medium_12h,12,wind_gust,0,wind_gust_seed0,0,9.422130324384922,0.0,0.0,0.0,1.0,1.8882423065686185,0.009441211532843092,0.00020641838026277191,0.0,0.0,0.0,0.0,0.014669885163351937,0.00021156004636365124,5.0,1.6666666666666667,40.0,0.13065722163850702,0.298400002066046,"{'[0.0,0.1)': 5.0, '[0.1,0.2)': 0.0, '[0.2,0.4)': 0.0, '[0.4,0.6)': 0.0, '[0.6,1.0)': 0.0}"
Candidate_12,medium_12h,12,wind_gust,1,wind_gust_seed1,0,9.55448363803617,0.0,0.0,0.0,1.0,0.0,0.0,0.0,0.0,0.0,0.0,0.0,0.0,0.0,0.0,0.0,0.0,0.13044222190122431,0.29940000968053937,{}
